{"customer_id": "C1", "basket": [{"product_id": "P45", "price": 811}, {"product_id": "P49", "price": 971}], "date_of_purchase": "2019-02-13 18:16:00"}
{"customer_id": "C7", "basket": [{"product_id": "P57", "price": 1470}, {"product_id": "P55", "price": 1978}, {"product_id": "P42", "price": 1902}], "date_of_purchase": "2019-02-13 23:42:00"}
{"customer_id": "C11", "basket": [{"product_id": "P10", "price": 110}], "date_of_purchase": "2019-02-13 13:59:00"}
{"customer_id": "C14", "basket": [{"product_id": "P26", "price": 1297}], "date_of_purchase": "2019-02-13 08:32:00"}
{"customer_id": "C20", "basket": [{"product_id": "P54", "price": 1152}, {"product_id": "P56", "price": 1349}, {"product_id": "P60", "price": 641}], "date_of_purchase": "2019-02-13 04:27:00"}
{"customer_id": "C23", "basket": [{"product_id": "P59", "price": 1093}], "date_of_purchase": "2019-02-13 09:42:00"}
{"customer_id": "C27", "basket": [{"product_id": "P61", "price": 680}], "date_of_purchase": "2019-02-13 11:09:00"}
{"customer_id": "C31", "basket": [{"product_id": "P60", "price": 576}], "date_of_purchase": "2019-02-13 11:12:00"}
{"customer_id": "C32", "basket": [{"product_id": "P42", "price": 1693}, {"product_id": "P47", "price": 1779}, {"product_id": "P47", "price": 705}], "date_of_purchase": "2019-02-13 23:45:00"}
{"customer_id": "C34", "basket": [{"product_id": "P54", "price": 1019}], "date_of_purchase": "2019-02-13 20:06:00"}
{"customer_id": "C42", "basket": [{"product_id": "P28", "price": 233}, {"product_id": "P22", "price": 669}], "date_of_purchase": "2019-02-13 14:19:00"}
{"customer_id": "C49", "basket": [{"product_id": "P35", "price": 509}, {"product_id": "P39", "price": 609}, {"product_id": "P36", "price": 1153}], "date_of_purchase": "2019-02-13 15:25:00"}
{"customer_id": "C54", "basket": [{"product_id": "P31", "price": 436}, {"product_id": "P22", "price": 509}, {"product_id": "P26", "price": 872}], "date_of_purchase": "2019-02-13 02:55:00"}
{"customer_id": "C62", "basket": [{"product_id": "P34", "price": 1613}], "date_of_purchase": "2019-02-13 10:13:00"}
{"customer_id": "C63", "basket": [{"product_id": "P61", "price": 1764}], "date_of_purchase": "2019-02-13 20:09:00"}
{"customer_id": "C71", "basket": [{"product_id": "P22", "price": 1627}, {"product_id": "P23", "price": 188}, {"product_id": "P27", "price": 1201}], "date_of_purchase": "2019-02-13 14:34:00"}
{"customer_id": "C77", "basket": [{"product_id": "P30", "price": 727}], "date_of_purchase": "2019-02-13 15:15:00"}
{"customer_id": "C80", "basket": [{"product_id": "P35", "price": 185}, {"product_id": "P37", "price": 1391}, {"product_id": "P37", "price": 998}], "date_of_purchase": "2019-02-13 15:45:00"}
{"customer_id": "C82", "basket": [{"product_id": "P55", "price": 247}], "date_of_purchase": "2019-02-13 15:37:00"}
{"customer_id": "C84", "basket": [{"product_id": "P09", "price": 1674}, {"product_id": "P11", "price": 846}, {"product_id": "P11", "price": 1301}], "date_of_purchase": "2019-02-13 03:35:00"}
{"customer_id": "C87", "basket": [{"product_id": "P30", "price": 1490}, {"product_id": "P32", "price": 649}], "date_of_purchase": "2019-02-13 13:35:00"}
{"customer_id": "C92", "basket": [{"product_id": "P25", "price": 1554}, {"product_id": "P23", "price": 157}, {"product_id": "P32", "price": 920}], "date_of_purchase": "2019-02-13 13:51:00"}
{"customer_id": "C93", "basket": [{"product_id": "P23", "price": 64}], "date_of_purchase": "2019-02-13 16:50:00"}
{"customer_id": "C99", "basket": [{"product_id": "P52", "price": 540}, {"product_id": "P52", "price": 1625}], "date_of_purchase": "2019-02-13 23:19:00"}
{"customer_id": "C100", "basket": [{"product_id": "P27", "price": 1690}, {"product_id": "P23", "price": 524}], "date_of_purchase": "2019-02-13 23:00:00"}
{"customer_id": "C103", "basket": [{"product_id": "P26", "price": 993}, {"product_id": "P23", "price": 1822}, {"product_id": "P24", "price": 952}], "date_of_purchase": "2019-02-13 15:30:00"}
{"customer_id": "C109", "basket": [{"product_id": "P05", "price": 1695}], "date_of_purchase": "2019-02-13 17:45:00"}
{"customer_id": "C137", "basket": [{"product_id": "P50", "price": 471}, {"product_id": "P60", "price": 1004}], "date_of_purchase": "2019-02-13 11:19:00"}
