{"customer_id": "C1", "basket": [{"product_id": "P10", "price": 1750}, {"product_id": "P07", "price": 162}, {"product_id": "P01", "price": 954}], "date_of_purchase": "2019-01-20 10:29:00"}
{"customer_id": "C2", "basket": [{"product_id": "P03", "price": 1018}, {"product_id": "P07", "price": 669}], "date_of_purchase": "2019-01-20 11:44:00"}
{"customer_id": "C11", "basket": [{"product_id": "P29", "price": 474}], "date_of_purchase": "2019-01-20 03:29:00"}
{"customer_id": "C20", "basket": [{"product_id": "P48", "price": 1271}], "date_of_purchase": "2019-01-20 04:45:00"}
{"customer_id": "C24", "basket": [{"product_id": "P27", "price": 1973}, {"product_id": "P34", "price": 1822}], "date_of_purchase": "2019-01-20 21:58:00"}
{"customer_id": "C25", "basket": [{"product_id": "P39", "price": 30}, {"product_id": "P37", "price": 1861}, {"product_id": "P39", "price": 1319}], "date_of_purchase": "2019-01-20 16:09:00"}
{"customer_id": "C35", "basket": [{"product_id": "P31", "price": 1006}], "date_of_purchase": "2019-01-20 05:37:00"}
{"customer_id": "C42", "basket": [{"product_id": "P24", "price": 11}, {"product_id": "P34", "price": 1881}], "date_of_purchase": "2019-01-20 23:44:00"}
{"customer_id": "C43", "basket": [{"product_id": "P23", "price": 189}], "date_of_purchase": "2019-01-20 20:59:00"}
{"customer_id": "C64", "basket": [{"product_id": "P31", "price": 168}], "date_of_purchase": "2019-01-20 06:21:00"}
{"customer_id": "C68", "basket": [{"product_id": "P39", "price": 342}, {"product_id": "P39", "price": 665}, {"product_id": "P39", "price": 1214}], "date_of_purchase": "2019-01-20 22:06:00"}
{"customer_id": "C70", "basket": [{"product_id": "P38", "price": 1345}, {"product_id": "P40", "price": 1833}, {"product_id": "P37", "price": 792}], "date_of_purchase": "2019-01-20 13:43:00"}
{"customer_id": "C71", "basket": [{"product_id": "P41", "price": 1762}, {"product_id": "P42", "price": 1472}], "date_of_purchase": "2019-01-20 02:48:00"}
{"customer_id": "C76", "basket": [{"product_id": "P33", "price": 626}, {"product_id": "P30", "price": 1712}], "date_of_purchase": "2019-01-20 04:06:00"}
{"customer_id": "C83", "basket": [{"product_id": "P39", "price": 845}, {"product_id": "P35", "price": 199}], "date_of_purchase": "2019-01-20 17:52:00"}
{"customer_id": "C85", "basket": [{"product_id": "P32", "price": 1651}, {"product_id": "P27", "price": 615}], "date_of_purchase": "2019-01-20 03:14:00"}
{"customer_id": "C91", "basket": [{"product_id": "P43", "price": 1364}], "date_of_purchase": "2019-01-20 22:45:00"}
{"customer_id": "C93", "basket": [{"product_id": "P33", "price": 1356}], "date_of_purchase": "2019-01-20 19:39:00"}
{"customer_id": "C100", "basket": [{"product_id": "P10", "price": 983}, {"product_id": "P04", "price": 744}, {"product_id": "P08", "price": 1942}], "date_of_purchase": "2019-01-20 11:53:00"}
{"customer_id": "C101", "basket": [{"product_id": "P55", "price": 312}, {"product_id": "P52", "price": 401}], "date_of_purchase": "2019-01-20 21:17:00"}
{"customer_id": "C106", "basket": [{"product_id": "P58", "price": 1230}], "date_of_purchase": "2019-01-20 14:35:00"}
{"customer_id": "C109", "basket": [{"product_id": "P06", "price": 1350}], "date_of_purchase": "2019-01-20 17:14:00"}
{"customer_id": "C115", "basket": [{"product_id": "P11", "price": 1493}], "date_of_purchase": "2019-01-20 14:46:00"}
{"customer_id": "C120", "basket": [{"product_id": "P48", "price": 303}], "date_of_purchase": "2019-01-20 23:33:00"}
{"customer_id": "C122", "basket": [{"product_id": "P56", "price": 1908}], "date_of_purchase": "2019-01-20 16:36:00"}
