{"customer_id": "C11", "basket": [{"product_id": "P34", "price": 517}, {"product_id": "P22", "price": 1083}], "date_of_purchase": "2018-12-07 23:48:00"}
{"customer_id": "C12", "basket": [{"product_id": "P64", "price": 1814}], "date_of_purchase": "2018-12-07 15:32:00"}
{"customer_id": "C14", "basket": [{"product_id": "P27", "price": 1420}, {"product_id": "P24", "price": 1420}], "date_of_purchase": "2018-12-07 03:41:00"}
{"customer_id": "C24", "basket": [{"product_id": "P29", "price": 155}, {"product_id": "P27", "price": 1277}], "date_of_purchase": "2018-12-07 13:46:00"}
{"customer_id": "C28", "basket": [{"product_id": "P51", "price": 1846}, {"product_id": "P57", "price": 436}], "date_of_purchase": "2018-12-07 13:14:00"}
{"customer_id": "C32", "basket": [{"product_id": "P32", "price": 861}], "date_of_purchase": "2018-12-07 21:44:00"}
{"customer_id": "C33", "basket": [{"product_id": "P33", "price": 1321}, {"product_id": "P33", "price": 909}, {"product_id": "P34", "price": 1533}], "date_of_purchase": "2018-12-07 06:27:00"}
{"customer_id": "C35", "basket": [{"product_id": "P28", "price": 1330}, {"product_id": "P31", "price": 962}], "date_of_purchase": "2018-12-07 11:59:00"}
{"customer_id": "C58", "basket": [{"product_id": "P15", "price": 1616}], "date_of_purchase": "2018-12-07 03:45:00"}
{"customer_id": "C59", "basket": [{"product_id": "P28", "price": 1919}, {"product_id": "P22", "price": 42}, {"product_id": "P28", "price": 1856}], "date_of_purchase": "2018-12-07 21:04:00"}
{"customer_id": "C70", "basket": [{"product_id": "P39", "price": 1942}, {"product_id": "P40", "price": 186}, {"product_id": "P35", "price": 1303}], "date_of_purchase": "2018-12-07 03:00:00"}
{"customer_id": "C71", "basket": [{"product_id": "P22", "price": 806}, {"product_id": "P25", "price": 1856}], "date_of_purchase": "2018-12-07 23:02:00"}
{"customer_id": "C79", "basket": [{"product_id": "P39", "price": 207}, {"product_id": "P38", "price": 156}], "date_of_purchase": "2018-12-07 20:23:00"}
{"customer_id": "C83", "basket": [{"product_id": "P54", "price": 579}, {"product_id": "P58", "price": 1162}], "date_of_purchase": "2018-12-07 02:50:00"}
{"customer_id": "C91", "basket": [{"product_id": "P49", "price": 1802}, {"product_id": "P49", "price": 960}, {"product_id": "P42", "price": 1155}], "date_of_purchase": "2018-12-07 17:42:00"}
{"customer_id": "C97", "basket": [{"product_id": "P15", "price": 1480}], "date_of_purchase": "2018-12-07 23:07:00"}
{"customer_id": "C99", "basket": [{"product_id": "P03", "price": 1948}, {"product_id": "P01", "price": 608}], "date_of_purchase": "2018-12-07 22:18:00"}
{"customer_id": "C100", "basket": [{"product_id": "P07", "price": 1985}, {"product_id": "P01", "price": 880}, {"product_id": "P09", "price": 924}], "date_of_purchase": "2018-12-07 22:39:00"}
{"customer_id": "C106", "basket": [{"product_id": "P64", "price": 1042}, {"product_id": "P61", "price": 334}], "date_of_purchase": "2018-12-07 15:17:00"}
{"customer_id": "C107", "basket": [{"product_id": "P09", "price": 832}, {"product_id": "P03", "price": 1866}], "date_of_purchase": "2018-12-07 21:42:00"}
{"customer_id": "C108", "basket": [{"product_id": "P32", "price": 1802}, {"product_id": "P32", "price": 837}, {"product_id": "P23", "price": 1582}], "date_of_purchase": "2018-12-07 02:56:00"}
{"customer_id": "C113", "basket": [{"product_id": "P11", "price": 531}, {"product_id": "P01", "price": 1507}, {"product_id": "P06", "price": 1174}], "date_of_purchase": "2018-12-07 22:57:00"}
{"customer_id": "C115", "basket": [{"product_id": "P39", "price": 744}, {"product_id": "P40", "price": 893}], "date_of_purchase": "2018-12-07 16:35:00"}
{"customer_id": "C116", "basket": [{"product_id": "P64", "price": 1406}, {"product_id": "P62", "price": 1371}], "date_of_purchase": "2018-12-07 22:55:00"}
{"customer_id": "C122", "basket": [{"product_id": "P45", "price": 576}, {"product_id": "P53", "price": 235}], "date_of_purchase": "2018-12-07 07:04:00"}
{"customer_id": "C125", "basket": [{"product_id": "P43", "price": 1859}, {"product_id": "P46", "price": 1084}], "date_of_purchase": "2018-12-07 23:45:00"}
{"customer_id": "C128", "basket": [{"product_id": "P36", "price": 105}], "date_of_purchase": "2018-12-07 17:42:00"}
{"customer_id": "C130", "basket": [{"product_id": "P22", "price": 1851}], "date_of_purchase": "2018-12-07 08:16:00"}
{"customer_id": "C132", "basket": [{"product_id": "P23", "price": 1341}, {"product_id": "P30", "price": 1824}, {"product_id": "P32", "price": 1468}], "date_of_purchase": "2018-12-07 20:06:00"}
