{"customer_id": "C3", "basket": [{"product_id": "P45", "price": 1380}, {"product_id": "P57", "price": 1724}], "date_of_purchase": "2018-12-03 03:29:00"}
{"customer_id": "C6", "basket": [{"product_id": "P55", "price": 1615}, {"product_id": "P58", "price": 1132}], "date_of_purchase": "2018-12-03 04:11:00"}
{"customer_id": "C11", "basket": [{"product_id": "P04", "price": 148}, {"product_id": "P07", "price": 1096}], "date_of_purchase": "2018-12-03 21:58:00"}
{"customer_id": "C13", "basket": [{"product_id": "P26", "price": 1504}, {"product_id": "P24", "price": 993}, {"product_id": "P22", "price": 884}], "date_of_purchase": "2018-12-03 22:39:00"}
{"customer_id": "C18", "basket": [{"product_id": "P36", "price": 167}, {"product_id": "P38", "price": 904}], "date_of_purchase": "2018-12-03 14:31:00"}
{"customer_id": "C42", "basket": [{"product_id": "P22", "price": 1037}, {"product_id": "P34", "price": 1859}], "date_of_purchase": "2018-12-03 07:31:00"}
{"customer_id": "C53", "basket": [{"product_id": "P37", "price": 1653}], "date_of_purchase": "2018-12-03 23:27:00"}
{"customer_id": "C54", "basket": [{"product_id": "P28", "price": 644}, {"product_id": "P34", "price": 460}], "date_of_purchase": "2018-12-03 07:45:00"}
{"customer_id": "C59", "basket": [{"product_id": "P30", "price": 1992}], "date_of_purchase": "2018-12-03 21:56:00"}
{"customer_id": "C66", "basket": [{"product_id": "P07", "price": 1269}], "date_of_purchase": "2018-12-03 15:32:00"}
{"customer_id": "C72", "basket": [{"product_id": "P12", "price": 358}, {"product_id": "P11", "price": 611}, {"product_id": "P08", "price": 394}], "date_of_purchase": "2018-12-03 17:31:00"}
{"customer_id": "C76", "basket": [{"product_id": "P30", "price": 767}, {"product_id": "P30", "price": 669}, {"product_id": "P28", "price": 521}], "date_of_purchase": "2018-12-03 20:24:00"}
{"customer_id": "C77", "basket": [{"product_id": "P28", "price": 303}, {"product_id": "P29", "price": 526}, {"product_id": "P29", "price": 1228}], "date_of_purchase": "2018-12-03 05:42:00"}
{"customer_id": "C80", "basket": [{"product_id": "P21", "price": 468}, {"product_id": "P19", "price": 171}, {"product_id": "P19", "price": 619}], "date_of_purchase": "2018-12-03 21:47:00"}
{"customer_id": "C92", "basket": [{"product_id": "P05", "price": 690}, {"product_id": "P04", "price": 3}, {"product_id": "P10", "price": 593}], "date_of_purchase": "2018-12-03 14:59:00"}
{"customer_id": "C93", "basket": [{"product_id": "P31", "price": 1706}, {"product_id": "P26", "price": 1874}, {"product_id": "P28", "price": 1494}], "date_of_purchase": "2018-12-03 11:39:00"}
{"customer_id": "C94", "basket": [{"product_id": "P31", "price": 540}, {"product_id": "P30", "price": 1294}], "date_of_purchase": "2018-12-03 03:56:00"}
{"customer_id": "C102", "basket": [{"product_id": "P40", "price": 146}, {"product_id": "P36", "price": 893}, {"product_id": "P38", "price": 518}], "date_of_purchase": "2018-12-03 07:17:00"}
{"customer_id": "C103", "basket": [{"product_id": "P28", "price": 1025}, {"product_id": "P33", "price": 782}], "date_of_purchase": "2018-12-03 13:26:00"}
{"customer_id": "C104", "basket": [{"product_id": "P40", "price": 1969}, {"product_id": "P39", "price": 1854}], "date_of_purchase": "2018-12-03 14:35:00"}
{"customer_id": "C111", "basket": [{"product_id": "P07", "price": 874}], "date_of_purchase": "2018-12-03 23:55:00"}
{"customer_id": "C113", "basket": [{"product_id": "P55", "price": 1345}], "date_of_purchase": "2018-12-03 07:06:00"}
{"customer_id": "C116", "basket": [{"product_id": "P64", "price": 1759}, {"product_id": "P61", "price": 447}, {"product_id": "P61", "price": 50}], "date_of_purchase": "2018-12-03 10:10:00"}
{"customer_id": "C119", "basket": [{"product_id": "P40", "price": 1808}], "date_of_purchase": "2018-12-03 20:21:00"}
{"customer_id": "C128", "basket": [{"product_id": "P39", "price": 355}, {"product_id": "P39", "price": 1908}, {"product_id": "P39", "price": 34}], "date_of_purchase": "2018-12-03 11:11:00"}
{"customer_id": "C130", "basket": [{"product_id": "P45", "price": 1697}], "date_of_purchase": "2018-12-03 03:03:00"}
{"customer_id": "C137", "basket": [{"product_id": "P38", "price": 745}, {"product_id": "P37", "price": 38}, {"product_id": "P37", "price": 996}], "date_of_purchase": "2018-12-03 08:44:00"}
