{"customer_id": "C3", "basket": [{"product_id": "P59", "price": 758}, {"product_id": "P48", "price": 922}, {"product_id": "P55", "price": 1888}], "date_of_purchase": "2019-02-15 08:27:00"}
{"customer_id": "C11", "basket": [{"product_id": "P06", "price": 1499}, {"product_id": "P01", "price": 342}, {"product_id": "P07", "price": 1305}], "date_of_purchase": "2019-02-15 11:08:00"}
{"customer_id": "C12", "basket": [{"product_id": "P64", "price": 302}, {"product_id": "P64", "price": 665}, {"product_id": "P62", "price": 1026}], "date_of_purchase": "2019-02-15 05:31:00"}
{"customer_id": "C14", "basket": [{"product_id": "P61", "price": 164}], "date_of_purchase": "2019-02-15 04:47:00"}
{"customer_id": "C18", "basket": [{"product_id": "P27", "price": 330}, {"product_id": "P30", "price": 994}, {"product_id": "P25", "price": 1613}], "date_of_purchase": "2019-02-15 09:05:00"}
{"customer_id": "C19", "basket": [{"product_id": "P62", "price": 1124}], "date_of_purchase": "2019-02-15 15:01:00"}
{"customer_id": "C23", "basket": [{"product_id": "P61", "price": 756}, {"product_id": "P63", "price": 1703}, {"product_id": "P62", "price": 632}], "date_of_purchase": "2019-02-15 06:14:00"}
{"customer_id": "C27", "basket": [{"product_id": "P62", "price": 1562}, {"product_id": "P62", "price": 247}], "date_of_purchase": "2019-02-15 10:00:00"}
{"customer_id": "C31", "basket": [{"product_id": "P03", "price": 845}, {"product_id": "P05", "price": 94}, {"product_id": "P12", "price": 1383}], "date_of_purchase": "2019-02-15 16:24:00"}
{"customer_id": "C34", "basket": [{"product_id": "P30", "price": 790}, {"product_id": "P24", "price": 25}], "date_of_purchase": "2019-02-15 19:22:00"}
{"customer_id": "C35", "basket": [{"product_id": "P62", "price": 27}], "date_of_purchase": "2019-02-15 05:01:00"}
{"customer_id": "C36", "basket": [{"product_id": "P36", "price": 1665}, {"product_id": "P36", "price": 526}], "date_of_purchase": "2019-02-15 12:39:00"}
{"customer_id": "C40", "basket": [{"product_id": "P64", "price": 1393}], "date_of_purchase": "2019-02-15 16:51:00"}
{"customer_id": "C43", "basket": [{"product_id": "P63", "price": 12}], "date_of_purchase": "2019-02-15 03:17:00"}
{"customer_id": "C47", "basket": [{"product_id": "P38", "price": 1819}, {"product_id": "P35", "price": 713}, {"product_id": "P38", "price": 384}], "date_of_purchase": "2019-02-15 17:10:00"}
{"customer_id": "C56", "basket": [{"product_id": "P34", "price": 203}, {"product_id": "P25", "price": 1391}], "date_of_purchase": "2019-02-15 13:49:00"}
{"customer_id": "C61", "basket": [{"product_id": "P64", "price": 1270}, {"product_id": "P64", "price": 469}, {"product_id": "P63", "price": 1142}], "date_of_purchase": "2019-02-15 21:04:00"}
{"customer_id": "C62", "basket": [{"product_id": "P26", "price": 1844}, {"product_id": "P31", "price": 504}], "date_of_purchase": "2019-02-15 18:06:00"}
{"customer_id": "C71", "basket": [{"product_id": "P45", "price": 462}, {"product_id": "P52", "price": 1242}, {"product_id": "P44", "price": 676}], "date_of_purchase": "2019-02-15 18:30:00"}
{"customer_id": "C76", "basket": [{"product_id": "P17", "price": 830}, {"product_id": "P18", "price": 131}, {"product_id": "P21", "price": 198}], "date_of_purchase": "2019-02-15 19:26:00"}
{"customer_id": "C93", "basket": [{"product_id": "P31", "price": 1654}], "date_of_purchase": "2019-02-15 23:53:00"}
{"customer_id": "C94", "basket": [{"product_id": "P22", "price": 505}, {"product_id": "P30", "price": 1892}, {"product_id": "P23", "price": 986}], "date_of_purchase": "2019-02-15 12:31:00"}
{"customer_id": "C96", "basket": [{"product_id": "P35", "price": 818}, {"product_id": "P36", "price": 181}], "date_of_purchase": "2019-02-15 16:59:00"}
{"customer_id": "C114", "basket": [{"product_id": "P47", "price": 1434}, {"product_id": "P49", "price": 380}, {"product_id": "P45", "price": 307}], "date_of_purchase": "2019-02-15 14:07:00"}
{"customer_id": "C116", "basket": [{"product_id": "P45", "price": 1661}, {"product_id": "P49", "price": 589}], "date_of_purchase": "2019-02-15 16:52:00"}
{"customer_id": "C126", "basket": [{"product_id": "P06", "price": 776}, {"product_id": "P03", "price": 1057}], "date_of_purchase": "2019-02-15 18:57:00"}
{"customer_id": "C128", "basket": [{"product_id": "P36", "price": 406}, {"product_id": "P38", "price": 833}, {"product_id": "P38", "price": 1743}], "date_of_purchase": "2019-02-15 06:46:00"}
{"customer_id": "C129", "basket": [{"product_id": "P30", "price": 1024}, {"product_id": "P26", "price": 995}, {"product_id": "P32", "price": 510}], "date_of_purchase": "2019-02-15 19:12:00"}
{"customer_id": "C132", "basket": [{"product_id": "P33", "price": 831}, {"product_id": "P31", "price": 1911}, {"product_id": "P22", "price": 1110}], "date_of_purchase": "2019-02-15 20:45:00"}
{"customer_id": "C137", "basket": [{"product_id": "P39", "price": 339}], "date_of_purchase": "2019-02-15 13:34:00"}
