{"customer_id": "C6", "basket": [{"product_id": "P34", "price": 1895}], "date_of_purchase": "2018-12-20 10:18:00"}
{"customer_id": "C22", "basket": [{"product_id": "P05", "price": 984}, {"product_id": "P11", "price": 86}, {"product_id": "P06", "price": 1964}], "date_of_purchase": "2018-12-20 05:09:00"}
{"customer_id": "C34", "basket": [{"product_id": "P61", "price": 104}, {"product_id": "P62", "price": 1867}], "date_of_purchase": "2018-12-20 17:53:00"}
{"customer_id": "C35", "basket": [{"product_id": "P61", "price": 1659}, {"product_id": "P64", "price": 754}, {"product_id": "P64", "price": 1329}], "date_of_purchase": "2018-12-20 11:59:00"}
{"customer_id": "C41", "basket": [{"product_id": "P20", "price": 1939}, {"product_id": "P14", "price": 978}, {"product_id": "P21", "price": 73}], "date_of_purchase": "2018-12-20 22:10:00"}
{"customer_id": "C45", "basket": [{"product_id": "P25", "price": 1955}, {"product_id": "P34", "price": 1090}, {"product_id": "P22", "price": 1587}], "date_of_purchase": "2018-12-20 03:40:00"}
{"customer_id": "C51", "basket": [{"product_id": "P33", "price": 1725}, {"product_id": "P25", "price": 1114}], "date_of_purchase": "2018-12-20 10:00:00"}
{"customer_id": "C54", "basket": [{"product_id": "P31", "price": 360}, {"product_id": "P28", "price": 1845}, {"product_id": "P34", "price": 959}], "date_of_purchase": "2018-12-20 04:06:00"}
{"customer_id": "C56", "basket": [{"product_id": "P26", "price": 1929}, {"product_id": "P24", "price": 1753}, {"product_id": "P25", "price": 225}], "date_of_purchase": "2018-12-20 18:11:00"}
{"customer_id": "C57", "basket": [{"product_id": "P61", "price": 1550}, {"product_id": "P63", "price": 1392}, {"product_id": "P62", "price": 840}], "date_of_purchase": "2018-12-20 16:35:00"}
{"customer_id": "C58", "basket": [{"product_id": "P18", "price": 1506}], "date_of_purchase": "2018-12-20 15:24:00"}
{"customer_id": "C61", "basket": [{"product_id": "P64", "price": 587}, {"product_id": "P64", "price": 548}], "date_of_purchase": "2018-12-20 20:45:00"}
{"customer_id": "C64", "basket": [{"product_id": "P26", "price": 281}, {"product_id": "P31", "price": 1908}, {"product_id": "P33", "price": 466}], "date_of_purchase": "2018-12-20 17:56:00"}
{"customer_id": "C68", "basket": [{"product_id": "P08", "price": 1753}], "date_of_purchase": "2018-12-20 11:40:00"}
{"customer_id": "C70", "basket": [{"product_id": "P35", "price": 242}], "date_of_purchase": "2018-12-20 20:56:00"}
{"customer_id": "C79", "basket": [{"product_id": "P46", "price": 146}], "date_of_purchase": "2018-12-20 17:05:00"}
{"customer_id": "C82", "basket": [{"product_id": "P41", "price": 626}, {"product_id": "P51", "price": 1974}, {"product_id": "P55", "price": 1686}], "date_of_purchase": "2018-12-20 04:30:00"}
{"customer_id": "C100", "basket": [{"product_id": "P10", "price": 626}, {"product_id": "P01", "price": 1}, {"product_id": "P01", "price": 1177}], "date_of_purchase": "2018-12-20 13:50:00"}
{"customer_id": "C114", "basket": [{"product_id": "P45", "price": 677}, {"product_id": "P50", "price": 1858}, {"product_id": "P57", "price": 1548}], "date_of_purchase": "2018-12-20 13:33:00"}
{"customer_id": "C116", "basket": [{"product_id": "P59", "price": 1546}, {"product_id": "P51", "price": 132}, {"product_id": "P49", "price": 1560}], "date_of_purchase": "2018-12-20 11:01:00"}
{"customer_id": "C120", "basket": [{"product_id": "P59", "price": 1298}, {"product_id": "P49", "price": 1703}], "date_of_purchase": "2018-12-20 12:58:00"}
{"customer_id": "C122", "basket": [{"product_id": "P34", "price": 477}, {"product_id": "P33", "price": 1791}], "date_of_purchase": "2018-12-20 08:38:00"}
{"customer_id": "C124", "basket": [{"product_id": "P37", "price": 1643}, {"product_id": "P40", "price": 1071}], "date_of_purchase": "2018-12-20 20:23:00"}
{"customer_id": "C130", "basket": [{"product_id": "P47", "price": 112}, {"product_id": "P45", "price": 562}, {"product_id": "P49", "price": 937}], "date_of_purchase": "2018-12-20 08:47:00"}
