{"customer_id": "C10", "basket": [{"product_id": "P61", "price": 1931}, {"product_id": "P63", "price": 1402}, {"product_id": "P62", "price": 1452}], "date_of_purchase": "2019-02-09 17:03:00"}
{"customer_id": "C11", "basket": [{"product_id": "P03", "price": 1248}, {"product_id": "P11", "price": 1647}], "date_of_purchase": "2019-02-09 18:15:00"}
{"customer_id": "C15", "basket": [{"product_id": "P55", "price": 1560}], "date_of_purchase": "2019-02-09 13:37:00"}
{"customer_id": "C30", "basket": [{"product_id": "P38", "price": 64}], "date_of_purchase": "2019-02-09 23:18:00"}
{"customer_id": "C32", "basket": [{"product_id": "P40", "price": 1344}, {"product_id": "P39", "price": 1638}, {"product_id": "P38", "price": 1601}], "date_of_purchase": "2019-02-09 11:01:00"}
{"customer_id": "C33", "basket": [{"product_id": "P03", "price": 1252}, {"product_id": "P09", "price": 1239}], "date_of_purchase": "2019-02-09 09:09:00"}
{"customer_id": "C34", "basket": [{"product_id": "P27", "price": 758}, {"product_id": "P23", "price": 1568}, {"product_id": "P24", "price": 1354}], "date_of_purchase": "2019-02-09 19:46:00"}
{"customer_id": "C45", "basket": [{"product_id": "P31", "price": 1423}, {"product_id": "P25", "price": 924}, {"product_id": "P22", "price": 533}], "date_of_purchase": "2019-02-09 05:17:00"}
{"customer_id": "C50", "basket": [{"product_id": "P22", "price": 1396}], "date_of_purchase": "2019-02-09 08:55:00"}
{"customer_id": "C53", "basket": [{"product_id": "P32", "price": 983}, {"product_id": "P25", "price": 1746}], "date_of_purchase": "2019-02-09 11:51:00"}
{"customer_id": "C62", "basket": [{"product_id": "P07", "price": 689}, {"product_id": "P08", "price": 198}], "date_of_purchase": "2019-02-09 23:01:00"}
{"customer_id": "C67", "basket": [{"product_id": "P57", "price": 100}, {"product_id": "P55", "price": 526}, {"product_id": "P53", "price": 1190}], "date_of_purchase": "2019-02-09 18:35:00"}
{"customer_id": "C68", "basket": [{"product_id": "P06", "price": 537}, {"product_id": "P07", "price": 996}], "date_of_purchase": "2019-02-09 18:29:00"}
{"customer_id": "C71", "basket": [{"product_id": "P50", "price": 1701}, {"product_id": "P44", "price": 487}], "date_of_purchase": "2019-02-09 03:55:00"}
{"customer_id": "C72", "basket": [{"product_id": "P13", "price": 96}], "date_of_purchase": "2019-02-09 16:26:00"}
{"customer_id": "C77", "basket": [{"product_id": "P33", "price": 1684}], "date_of_purchase": "2019-02-09 16:13:00"}
{"customer_id": "C86", "basket": [{"product_id": "P32", "price": 420}, {"product_id": "P29", "price": 1018}], "date_of_purchase": "2019-02-09 09:28:00"}
{"customer_id": "C90", "basket": [{"product_id": "P34", "price": 1730}], "date_of_purchase": "2019-02-09 06:25:00"}
{"customer_id": "C96", "basket": [{"product_id": "P01", "price": 969}, {"product_id": "P10", "price": 1954}], "date_of_purchase": "2019-02-09 13:22:00"}
{"customer_id": "C100", "basket": [{"product_id": "P27", "price": 764}, {"product_id": "P34", "price": 1426}], "date_of_purchase": "2019-02-09 09:19:00"}
{"customer_id": "C101", "basket": [{"product_id": "P37", "price": 1077}], "date_of_purchase": "2019-02-09 15:38:00"}
{"customer_id": "C102", "basket": [{"product_id": "P30", "price": 451}, {"product_id": "P33", "price": 627}], "date_of_purchase": "2019-02-09 23:07:00"}
{"customer_id": "C107", "basket": [{"product_id": "P39", "price": 848}, {"product_id": "P37", "price": 212}, {"product_id": "P40", "price": 724}], "date_of_purchase": "2019-02-09 15:08:00"}
{"customer_id": "C108", "basket": [{"product_id": "P34", "price": 1286}, {"product_id": "P28", "price": 1623}, {"product_id": "P29", "price": 1639}], "date_of_purchase": "2019-02-09 11:38:00"}
{"customer_id": "C116", "basket": [{"product_id": "P41", "price": 1289}, {"product_id": "P58", "price": 1996}, {"product_id": "P59", "price": 1679}], "date_of_purchase": "2019-02-09 04:47:00"}
{"customer_id": "C120", "basket": [{"product_id": "P59", "price": 107}, {"product_id": "P57", "price": 1737}], "date_of_purchase": "2019-02-09 23:15:00"}
{"customer_id": "C126", "basket": [{"product_id": "P33", "price": 1508}], "date_of_purchase": "2019-02-09 07:13:00"}
{"customer_id": "C128", "basket": [{"product_id": "P38", "price": 1610}, {"product_id": "P38", "price": 678}], "date_of_purchase": "2019-02-09 04:50:00"}
{"customer_id": "C132", "basket": [{"product_id": "P27", "price": 1592}, {"product_id": "P28", "price": 1997}], "date_of_purchase": "2019-02-09 13:08:00"}
