{"customer_id": "C2", "basket": [{"product_id": "P28", "price": 707}, {"product_id": "P33", "price": 1402}, {"product_id": "P34", "price": 1540}], "date_of_purchase": "2019-02-02 19:23:00"}
{"customer_id": "C3", "basket": [{"product_id": "P40", "price": 1023}], "date_of_purchase": "2019-02-02 10:16:00"}
{"customer_id": "C7", "basket": [{"product_id": "P02", "price": 1246}, {"product_id": "P08", "price": 899}], "date_of_purchase": "2019-02-02 06:05:00"}
{"customer_id": "C13", "basket": [{"product_id": "P57", "price": 1157}, {"product_id": "P55", "price": 813}], "date_of_purchase": "2019-02-02 23:17:00"}
{"customer_id": "C26", "basket": [{"product_id": "P31", "price": 338}, {"product_id": "P29", "price": 506}, {"product_id": "P29", "price": 940}], "date_of_purchase": "2019-02-02 16:45:00"}
{"customer_id": "C27", "basket": [{"product_id": "P62", "price": 1701}, {"product_id": "P62", "price": 911}], "date_of_purchase": "2019-02-02 07:32:00"}
{"customer_id": "C43", "basket": [{"product_id": "P57", "price": 1675}, {"product_id": "P49", "price": 506}], "date_of_purchase": "2019-02-02 07:05:00"}
{"customer_id": "C49", "basket": [{"product_id": "P39", "price": 580}], "date_of_purchase": "2019-02-02 09:51:00"}
{"customer_id": "C61", "basket": [{"product_id": "P28", "price": 1330}, {"product_id": "P25", "price": 409}, {"product_id": "P27", "price": 1759}], "date_of_purchase": "2019-02-02 10:09:00"}
{"customer_id": "C62", "basket": [{"product_id": "P55", "price": 143}, {"product_id": "P56", "price": 1814}, {"product_id": "P49", "price": 168}], "date_of_purchase": "2019-02-02 23:13:00"}
{"customer_id": "C65", "basket": [{"product_id": "P06", "price": 40}], "date_of_purchase": "2019-02-02 16:31:00"}
{"customer_id": "C68", "basket": [{"product_id": "P64", "price": 1720}, {"product_id": "P64", "price": 1216}, {"product_id": "P64", "price": 302}], "date_of_purchase": "2019-02-02 21:26:00"}
{"customer_id": "C69", "basket": [{"product_id": "P38", "price": 1243}, {"product_id": "P40", "price": 196}], "date_of_purchase": "2019-02-02 23:20:00"}
{"customer_id": "C77", "basket": [{"product_id": "P19", "price": 388}], "date_of_purchase": "2019-02-02 12:21:00"}
{"customer_id": "C78", "basket": [{"product_id": "P35", "price": 258}, {"product_id": "P38", "price": 732}], "date_of_purchase": "2019-02-02 10:12:00"}
{"customer_id": "C80", "basket": [{"product_id": "P36", "price": 1413}, {"product_id": "P38", "price": 1230}], "date_of_purchase": "2019-02-02 03:43:00"}
{"customer_id": "C81", "basket": [{"product_id": "P64", "price": 33}, {"product_id": "P61", "price": 1753}, {"product_id": "P64", "price": 1424}], "date_of_purchase": "2019-02-02 12:05:00"}
{"customer_id": "C94", "basket": [{"product_id": "P26", "price": 1875}, {"product_id": "P23", "price": 792}, {"product_id": "P27", "price": 1593}], "date_of_purchase": "2019-02-02 10:09:00"}
{"customer_id": "C99", "basket": [{"product_id": "P46", "price": 481}, {"product_id": "P44", "price": 155}], "date_of_purchase": "2019-02-02 17:27:00"}
{"customer_id": "C110", "basket": [{"product_id": "P23", "price": 1291}], "date_of_purchase": "2019-02-02 19:01:00"}
{"customer_id": "C111", "basket": [{"product_id": "P06", "price": 1511}], "date_of_purchase": "2019-02-02 10:58:00"}
{"customer_id": "C114", "basket": [{"product_id": "P07", "price": 391}, {"product_id": "P08", "price": 468}], "date_of_purchase": "2019-02-02 14:47:00"}
{"customer_id": "C118", "basket": [{"product_id": "P07", "price": 1731}, {"product_id": "P02", "price": 1305}, {"product_id": "P09", "price": 346}], "date_of_purchase": "2019-02-02 12:55:00"}
{"customer_id": "C123", "basket": [{"product_id": "P58", "price": 971}, {"product_id": "P54", "price": 474}, {"product_id": "P51", "price": 1489}], "date_of_purchase": "2019-02-02 06:27:00"}
{"customer_id": "C125", "basket": [{"product_id": "P21", "price": 899}, {"product_id": "P20", "price": 1645}, {"product_id": "P16", "price": 1971}], "date_of_purchase": "2019-02-02 23:39:00"}
{"customer_id": "C126", "basket": [{"product_id": "P26", "price": 532}, {"product_id": "P23", "price": 696}, {"product_id": "P22", "price": 407}], "date_of_purchase": "2019-02-02 19:30:00"}
{"customer_id": "C131", "basket": [{"product_id": "P36", "price": 666}], "date_of_purchase": "2019-02-02 18:42:00"}
