{"customer_id": "C6", "basket": [{"product_id": "P16", "price": 251}, {"product_id": "P18", "price": 1982}], "date_of_purchase": "2019-02-05 09:07:00"}
{"customer_id": "C7", "basket": [{"product_id": "P41", "price": 1200}], "date_of_purchase": "2019-02-05 17:57:00"}
{"customer_id": "C18", "basket": [{"product_id": "P35", "price": 1151}, {"product_id": "P35", "price": 1633}, {"product_id": "P35", "price": 1176}], "date_of_purchase": "2019-02-05 22:33:00"}
{"customer_id": "C23", "basket": [{"product_id": "P55", "price": 1016}, {"product_id": "P43", "price": 1137}, {"product_id": "P46", "price": 1652}], "date_of_purchase": "2019-02-05 12:54:00"}
{"customer_id": "C26", "basket": [{"product_id": "P64", "price": 455}, {"product_id": "P64", "price": 601}, {"product_id": "P61", "price": 1399}], "date_of_purchase": "2019-02-05 20:01:00"}
{"customer_id": "C30", "basket": [{"product_id": "P37", "price": 439}, {"product_id": "P36", "price": 568}], "date_of_purchase": "2019-02-05 18:37:00"}
{"customer_id": "C32", "basket": [{"product_id": "P42", "price": 1909}, {"product_id": "P44", "price": 68}, {"product_id": "P53", "price": 450}], "date_of_purchase": "2019-02-05 07:02:00"}
{"customer_id": "C49", "basket": [{"product_id": "P37", "price": 756}, {"product_id": "P38", "price": 257}], "date_of_purchase": "2019-02-05 16:30:00"}
{"customer_id": "C53", "basket": [{"product_id": "P40", "price": 1946}, {"product_id": "P38", "price": 224}], "date_of_purchase": "2019-02-05 05:07:00"}
{"customer_id": "C56", "basket": [{"product_id": "P22", "price": 1981}, {"product_id": "P34", "price": 1684}, {"product_id": "P23", "price": 1340}], "date_of_purchase": "2019-02-05 20:13:00"}
{"customer_id": "C62", "basket": [{"product_id": "P61", "price": 1894}], "date_of_purchase": "2019-02-05 18:17:00"}
{"customer_id": "C64", "basket": [{"product_id": "P29", "price": 290}], "date_of_purchase": "2019-02-05 15:35:00"}
{"customer_id": "C69", "basket": [{"product_id": "P30", "price": 695}, {"product_id": "P32", "price": 444}], "date_of_purchase": "2019-02-05 13:47:00"}
{"customer_id": "C74", "basket": [{"product_id": "P42", "price": 664}], "date_of_purchase": "2019-02-05 11:49:00"}
{"customer_id": "C77", "basket": [{"product_id": "P20", "price": 448}, {"product_id": "P13", "price": 207}], "date_of_purchase": "2019-02-05 05:12:00"}
{"customer_id": "C85", "basket": [{"product_id": "P32", "price": 143}, {"product_id": "P22", "price": 1254}], "date_of_purchase": "2019-02-05 07:41:00"}
{"customer_id": "C91", "basket": [{"product_id": "P54", "price": 1358}], "date_of_purchase": "2019-02-05 22:55:00"}
{"customer_id": "C93", "basket": [{"product_id": "P07", "price": 1438}, {"product_id": "P09", "price": 198}, {"product_id": "P12", "price": 1022}], "date_of_purchase": "2019-02-05 06:27:00"}
{"customer_id": "C101", "basket": [{"product_id": "P37", "price": 657}, {"product_id": "P40", "price": 1229}, {"product_id": "P37", "price": 833}], "date_of_purchase": "2019-02-05 21:59:00"}
{"customer_id": "C113", "basket": [{"product_id": "P41", "price": 157}, {"product_id": "P52", "price": 1398}], "date_of_purchase": "2019-02-05 15:20:00"}
{"customer_id": "C116", "basket": [{"product_id": "P64", "price": 204}], "date_of_purchase": "2019-02-05 05:53:00"}
{"customer_id": "C119", "basket": [{"product_id": "P64", "price": 1336}], "date_of_purchase": "2019-02-05 13:21:00"}
{"customer_id": "C125", "basket": [{"product_id": "P52", "price": 957}], "date_of_purchase": "2019-02-05 05:04:00"}
{"customer_id": "C126", "basket": [{"product_id": "P06", "price": 146}, {"product_id": "P03", "price": 969}, {"product_id": "P03", "price": 911}], "date_of_purchase": "2019-02-05 04:16:00"}
{"customer_id": "C130", "basket": [{"product_id": "P56", "price": 15}], "date_of_purchase": "2019-02-05 06:58:00"}
