{"customer_id": "C11", "basket": [{"product_id": "P32", "price": 879}], "date_of_purchase": "2019-01-06 15:41:00"}
{"customer_id": "C13", "basket": [{"product_id": "P28", "price": 1212}, {"product_id": "P26", "price": 1054}], "date_of_purchase": "2019-01-06 10:57:00"}
{"customer_id": "C19", "basket": [{"product_id": "P63", "price": 1318}], "date_of_purchase": "2019-01-06 14:45:00"}
{"customer_id": "C28", "basket": [{"product_id": "P42", "price": 1599}, {"product_id": "P44", "price": 714}, {"product_id": "P54", "price": 1308}], "date_of_purchase": "2019-01-06 23:41:00"}
{"customer_id": "C29", "basket": [{"product_id": "P58", "price": 1224}], "date_of_purchase": "2019-01-06 20:45:00"}
{"customer_id": "C30", "basket": [{"product_id": "P36", "price": 1785}], "date_of_purchase": "2019-01-06 11:25:00"}
{"customer_id": "C32", "basket": [{"product_id": "P42", "price": 1246}, {"product_id": "P49", "price": 383}, {"product_id": "P58", "price": 810}], "date_of_purchase": "2019-01-06 10:34:00"}
{"customer_id": "C34", "basket": [{"product_id": "P09", "price": 903}, {"product_id": "P07", "price": 1074}, {"product_id": "P01", "price": 961}], "date_of_purchase": "2019-01-06 20:14:00"}
{"customer_id": "C45", "basket": [{"product_id": "P34", "price": 1029}, {"product_id": "P24", "price": 1563}, {"product_id": "P31", "price": 1305}], "date_of_purchase": "2019-01-06 20:06:00"}
{"customer_id": "C46", "basket": [{"product_id": "P36", "price": 1611}], "date_of_purchase": "2019-01-06 21:54:00"}
{"customer_id": "C51", "basket": [{"product_id": "P45", "price": 4}, {"product_id": "P56", "price": 207}], "date_of_purchase": "2019-01-06 18:28:00"}
{"customer_id": "C52", "basket": [{"product_id": "P03", "price": 969}], "date_of_purchase": "2019-01-06 14:52:00"}
{"customer_id": "C83", "basket": [{"product_id": "P48", "price": 564}, {"product_id": "P57", "price": 1474}, {"product_id": "P41", "price": 779}], "date_of_purchase": "2019-01-06 16:05:00"}
{"customer_id": "C91", "basket": [{"product_id": "P59", "price": 940}, {"product_id": "P52", "price": 1602}], "date_of_purchase": "2019-01-06 20:25:00"}
{"customer_id": "C94", "basket": [{"product_id": "P31", "price": 217}], "date_of_purchase": "2019-01-06 03:07:00"}
{"customer_id": "C99", "basket": [{"product_id": "P50", "price": 128}], "date_of_purchase": "2019-01-06 09:19:00"}
{"customer_id": "C123", "basket": [{"product_id": "P45", "price": 1251}, {"product_id": "P56", "price": 927}, {"product_id": "P59", "price": 1671}], "date_of_purchase": "2019-01-06 10:20:00"}
{"customer_id": "C128", "basket": [{"product_id": "P35", "price": 430}, {"product_id": "P35", "price": 362}, {"product_id": "P40", "price": 1311}], "date_of_purchase": "2019-01-06 05:35:00"}
{"customer_id": "C137", "basket": [{"product_id": "P42", "price": 1701}, {"product_id": "P55", "price": 222}], "date_of_purchase": "2019-01-06 22:44:00"}
