{"customer_id": "C3", "basket": [{"product_id": "P40", "price": 1463}], "date_of_purchase": "2018-12-16 12:48:00"}
{"customer_id": "C4", "basket": [{"product_id": "P28", "price": 966}, {"product_id": "P25", "price": 1703}], "date_of_purchase": "2018-12-16 05:19:00"}
{"customer_id": "C9", "basket": [{"product_id": "P34", "price": 530}, {"product_id": "P27", "price": 985}], "date_of_purchase": "2018-12-16 05:11:00"}
{"customer_id": "C11", "basket": [{"product_id": "P09", "price": 1321}, {"product_id": "P01", "price": 1693}], "date_of_purchase": "2018-12-16 03:04:00"}
{"customer_id": "C15", "basket": [{"product_id": "P10", "price": 1614}], "date_of_purchase": "2018-12-16 05:05:00"}
{"customer_id": "C17", "basket": [{"product_id": "P29", "price": 1125}, {"product_id": "P32", "price": 1510}, {"product_id": "P28", "price": 1626}], "date_of_purchase": "2018-12-16 09:51:00"}
{"customer_id": "C25", "basket": [{"product_id": "P24", "price": 1495}, {"product_id": "P23", "price": 207}], "date_of_purchase": "2018-12-16 12:45:00"}
{"customer_id": "C39", "basket": [{"product_id": "P26", "price": 320}, {"product_id": "P23", "price": 29}], "date_of_purchase": "2018-12-16 03:27:00"}
{"customer_id": "C45", "basket": [{"product_id": "P46", "price": 1265}], "date_of_purchase": "2018-12-16 15:01:00"}
{"customer_id": "C56", "basket": [{"product_id": "P28", "price": 563}, {"product_id": "P34", "price": 467}, {"product_id": "P23", "price": 427}], "date_of_purchase": "2018-12-16 15:30:00"}
{"customer_id": "C62", "basket": [{"product_id": "P63", "price": 1094}], "date_of_purchase": "2018-12-16 20:10:00"}
{"customer_id": "C87", "basket": [{"product_id": "P36", "price": 12}, {"product_id": "P36", "price": 257}, {"product_id": "P40", "price": 1746}], "date_of_purchase": "2018-12-16 22:13:00"}
{"customer_id": "C90", "basket": [{"product_id": "P24", "price": 167}, {"product_id": "P28", "price": 1276}], "date_of_purchase": "2018-12-16 21:46:00"}
{"customer_id": "C98", "basket": [{"product_id": "P35", "price": 769}, {"product_id": "P40", "price": 1661}], "date_of_purchase": "2018-12-16 16:16:00"}
{"customer_id": "C99", "basket": [{"product_id": "P59", "price": 1968}, {"product_id": "P44", "price": 447}, {"product_id": "P55", "price": 56}], "date_of_purchase": "2018-12-16 23:04:00"}
{"customer_id": "C118", "basket": [{"product_id": "P38", "price": 1219}, {"product_id": "P37", "price": 1574}, {"product_id": "P37", "price": 1778}], "date_of_purchase": "2018-12-16 10:01:00"}
{"customer_id": "C124", "basket": [{"product_id": "P63", "price": 692}, {"product_id": "P63", "price": 300}], "date_of_purchase": "2018-12-16 10:56:00"}
{"customer_id": "C128", "basket": [{"product_id": "P35", "price": 4}, {"product_id": "P39", "price": 774}], "date_of_purchase": "2018-12-16 23:59:00"}
{"customer_id": "C130", "basket": [{"product_id": "P28", "price": 1295}, {"product_id": "P25", "price": 85}], "date_of_purchase": "2018-12-16 20:23:00"}
{"customer_id": "C137", "basket": [{"product_id": "P44", "price": 1713}], "date_of_purchase": "2018-12-16 19:40:00"}
