{"customer_id": "C20", "basket": [{"product_id": "P52", "price": 1650}, {"product_id": "P48", "price": 1431}], "date_of_purchase": "2019-02-01 12:42:00"}
{"customer_id": "C21", "basket": [{"product_id": "P58", "price": 110}, {"product_id": "P45", "price": 149}, {"product_id": "P50", "price": 1708}], "date_of_purchase": "2019-02-01 21:31:00"}
{"customer_id": "C26", "basket": [{"product_id": "P27", "price": 862}, {"product_id": "P31", "price": 667}, {"product_id": "P29", "price": 485}], "date_of_purchase": "2019-02-01 06:59:00"}
{"customer_id": "C32", "basket": [{"product_id": "P60", "price": 923}, {"product_id": "P47", "price": 1613}], "date_of_purchase": "2019-02-01 18:38:00"}
{"customer_id": "C35", "basket": [{"product_id": "P25", "price": 460}], "date_of_purchase": "2019-02-01 22:30:00"}
{"customer_id": "C37", "basket": [{"product_id": "P33", "price": 840}, {"product_id": "P26", "price": 260}, {"product_id": "P31", "price": 1260}], "date_of_purchase": "2019-02-01 20:36:00"}
{"customer_id": "C41", "basket": [{"product_id": "P54", "price": 1999}, {"product_id": "P42", "price": 1626}, {"product_id": "P60", "price": 1882}], "date_of_purchase": "2019-02-01 18:41:00"}
{"customer_id": "C45", "basket": [{"product_id": "P22", "price": 1528}], "date_of_purchase": "2019-02-01 15:16:00"}
{"customer_id": "C54", "basket": [{"product_id": "P30", "price": 981}, {"product_id": "P23", "price": 368}], "date_of_purchase": "2019-02-01 05:20:00"}
{"customer_id": "C64", "basket": [{"product_id": "P22", "price": 1541}, {"product_id": "P25", "price": 1429}], "date_of_purchase": "2019-02-01 23:01:00"}
{"customer_id": "C68", "basket": [{"product_id": "P08", "price": 644}, {"product_id": "P09", "price": 1458}, {"product_id": "P08", "price": 392}], "date_of_purchase": "2019-02-01 06:56:00"}
{"customer_id": "C71", "basket": [{"product_id": "P55", "price": 1449}], "date_of_purchase": "2019-02-01 03:27:00"}
{"customer_id": "C77", "basket": [{"product_id": "P24", "price": 183}, {"product_id": "P32", "price": 113}, {"product_id": "P33", "price": 938}], "date_of_purchase": "2019-02-01 04:29:00"}
{"customer_id": "C79", "basket": [{"product_id": "P40", "price": 875}, {"product_id": "P35", "price": 1544}, {"product_id": "P35", "price": 362}], "date_of_purchase": "2019-02-01 08:29:00"}
{"customer_id": "C82", "basket": [{"product_id": "P49", "price": 647}, {"product_id": "P57", "price": 1149}, {"product_id": "P48", "price": 487}], "date_of_purchase": "2019-02-01 21:17:00"}
{"customer_id": "C85", "basket": [{"product_id": "P27", "price": 206}], "date_of_purchase": "2019-02-01 11:53:00"}
{"customer_id": "C86", "basket": [{"product_id": "P27", "price": 191}, {"product_id": "P32", "price": 10}, {"product_id": "P22", "price": 1657}], "date_of_purchase": "2019-02-01 09:19:00"}
{"customer_id": "C87", "basket": [{"product_id": "P62", "price": 1369}, {"product_id": "P62", "price": 1222}], "date_of_purchase": "2019-02-01 07:52:00"}
{"customer_id": "C95", "basket": [{"product_id": "P35", "price": 1031}, {"product_id": "P37", "price": 1788}], "date_of_purchase": "2019-02-01 09:10:00"}
{"customer_id": "C99", "basket": [{"product_id": "P03", "price": 1795}], "date_of_purchase": "2019-02-01 21:50:00"}
{"customer_id": "C101", "basket": [{"product_id": "P35", "price": 31}, {"product_id": "P38", "price": 510}], "date_of_purchase": "2019-02-01 23:23:00"}
{"customer_id": "C107", "basket": [{"product_id": "P06", "price": 220}, {"product_id": "P07", "price": 1418}, {"product_id": "P02", "price": 202}], "date_of_purchase": "2019-02-01 17:35:00"}
{"customer_id": "C111", "basket": [{"product_id": "P09", "price": 417}], "date_of_purchase": "2019-02-01 23:48:00"}
{"customer_id": "C119", "basket": [{"product_id": "P40", "price": 863}, {"product_id": "P38", "price": 348}, {"product_id": "P35", "price": 744}], "date_of_purchase": "2019-02-01 12:28:00"}
{"customer_id": "C121", "basket": [{"product_id": "P32", "price": 94}], "date_of_purchase": "2019-02-01 12:02:00"}
{"customer_id": "C122", "basket": [{"product_id": "P31", "price": 182}, {"product_id": "P22", "price": 1548}], "date_of_purchase": "2019-02-01 23:12:00"}
{"customer_id": "C123", "basket": [{"product_id": "P48", "price": 390}, {"product_id": "P54", "price": 1411}], "date_of_purchase": "2019-02-01 17:04:00"}
{"customer_id": "C126", "basket": [{"product_id": "P50", "price": 550}, {"product_id": "P42", "price": 98}, {"product_id": "P52", "price": 80}], "date_of_purchase": "2019-02-01 16:31:00"}
