{"customer_id": "C2", "basket": [{"product_id": "P03", "price": 1315}], "date_of_purchase": "2018-12-23 06:19:00"}
{"customer_id": "C3", "basket": [{"product_id": "P45", "price": 1171}], "date_of_purchase": "2018-12-23 09:44:00"}
{"customer_id": "C4", "basket": [{"product_id": "P26", "price": 367}, {"product_id": "P26", "price": 1817}, {"product_id": "P31", "price": 753}], "date_of_purchase": "2018-12-23 15:32:00"}
{"customer_id": "C15", "basket": [{"product_id": "P62", "price": 1775}, {"product_id": "P62", "price": 357}], "date_of_purchase": "2018-12-23 13:48:00"}
{"customer_id": "C19", "basket": [{"product_id": "P64", "price": 435}], "date_of_purchase": "2018-12-23 06:05:00"}
{"customer_id": "C24", "basket": [{"product_id": "P25", "price": 623}, {"product_id": "P24", "price": 571}, {"product_id": "P22", "price": 1197}], "date_of_purchase": "2018-12-23 12:15:00"}
{"customer_id": "C32", "basket": [{"product_id": "P22", "price": 1383}, {"product_id": "P28", "price": 1887}], "date_of_purchase": "2018-12-23 08:34:00"}
{"customer_id": "C34", "basket": [{"product_id": "P30", "price": 785}], "date_of_purchase": "2018-12-23 04:07:00"}
{"customer_id": "C37", "basket": [{"product_id": "P56", "price": 842}], "date_of_purchase": "2018-12-23 03:34:00"}
{"customer_id": "C42", "basket": [{"product_id": "P29", "price": 1326}, {"product_id": "P23", "price": 563}, {"product_id": "P26", "price": 1492}], "date_of_purchase": "2018-12-23 23:16:00"}
{"customer_id": "C44", "basket": [{"product_id": "P32", "price": 238}, {"product_id": "P28", "price": 1378}, {"product_id": "P33", "price": 679}], "date_of_purchase": "2018-12-23 18:15:00"}
{"customer_id": "C55", "basket": [{"product_id": "P11", "price": 1655}], "date_of_purchase": "2018-12-23 08:59:00"}
{"customer_id": "C56", "basket": [{"product_id": "P31", "price": 1991}, {"product_id": "P34", "price": 253}, {"product_id": "P23", "price": 685}], "date_of_purchase": "2018-12-23 03:33:00"}
{"customer_id": "C61", "basket": [{"product_id": "P61", "price": 832}, {"product_id": "P62", "price": 1994}], "date_of_purchase": "2018-12-23 15:18:00"}
{"customer_id": "C62", "basket": [{"product_id": "P22", "price": 55}, {"product_id": "P24", "price": 1930}, {"product_id": "P30", "price": 1367}], "date_of_purchase": "2018-12-23 20:34:00"}
{"customer_id": "C66", "basket": [{"product_id": "P28", "price": 425}, {"product_id": "P30", "price": 553}, {"product_id": "P27", "price": 78}], "date_of_purchase": "2018-12-23 03:40:00"}
{"customer_id": "C71", "basket": [{"product_id": "P26", "price": 423}, {"product_id": "P30", "price": 125}], "date_of_purchase": "2018-12-23 08:06:00"}
{"customer_id": "C72", "basket": [{"product_id": "P08", "price": 980}, {"product_id": "P09", "price": 488}, {"product_id": "P12", "price": 1823}], "date_of_purchase": "2018-12-23 15:32:00"}
{"customer_id": "C74", "basket": [{"product_id": "P51", "price": 1985}, {"product_id": "P50", "price": 1627}, {"product_id": "P60", "price": 982}], "date_of_purchase": "2018-12-23 06:21:00"}
{"customer_id": "C75", "basket": [{"product_id": "P50", "price": 1287}, {"product_id": "P47", "price": 1330}], "date_of_purchase": "2018-12-23 23:32:00"}
{"customer_id": "C77", "basket": [{"product_id": "P13", "price": 724}, {"product_id": "P19", "price": 471}, {"product_id": "P21", "price": 560}], "date_of_purchase": "2018-12-23 23:57:00"}
{"customer_id": "C79", "basket": [{"product_id": "P39", "price": 825}, {"product_id": "P37", "price": 1197}], "date_of_purchase": "2018-12-23 15:25:00"}
{"customer_id": "C84", "basket": [{"product_id": "P25", "price": 1122}, {"product_id": "P25", "price": 1927}], "date_of_purchase": "2018-12-23 18:18:00"}
{"customer_id": "C99", "basket": [{"product_id": "P05", "price": 1303}, {"product_id": "P06", "price": 155}, {"product_id": "P03", "price": 1751}], "date_of_purchase": "2018-12-23 14:16:00"}
{"customer_id": "C111", "basket": [{"product_id": "P05", "price": 1297}, {"product_id": "P07", "price": 467}, {"product_id": "P12", "price": 1911}], "date_of_purchase": "2018-12-23 20:55:00"}
{"customer_id": "C114", "basket": [{"product_id": "P07", "price": 1932}], "date_of_purchase": "2018-12-23 09:40:00"}
{"customer_id": "C123", "basket": [{"product_id": "P58", "price": 1165}, {"product_id": "P49", "price": 1510}], "date_of_purchase": "2018-12-23 05:37:00"}
{"customer_id": "C126", "basket": [{"product_id": "P02", "price": 1061}, {"product_id": "P03", "price": 477}, {"product_id": "P08", "price": 1172}], "date_of_purchase": "2018-12-23 23:45:00"}
{"customer_id": "C130", "basket": [{"product_id": "P49", "price": 141}], "date_of_purchase": "2018-12-23 19:24:00"}
{"customer_id": "C134", "basket": [{"product_id": "P52", "price": 1409}, {"product_id": "P57", "price": 1031}, {"product_id": "P47", "price": 329}], "date_of_purchase": "2018-12-23 16:33:00"}
{"customer_id": "C137", "basket": [{"product_id": "P48", "price": 1678}, {"product_id": "P59", "price": 993}], "date_of_purchase": "2018-12-23 20:16:00"}
