{"customer_id": "C1", "basket": [{"product_id": "P40", "price": 1396}, {"product_id": "P35", "price": 1085}], "date_of_purchase": "2019-02-17 04:48:00"}
{"customer_id": "C6", "basket": [{"product_id": "P36", "price": 1444}, {"product_id": "P37", "price": 1215}, {"product_id": "P35", "price": 139}], "date_of_purchase": "2019-02-17 05:11:00"}
{"customer_id": "C7", "basket": [{"product_id": "P50", "price": 1587}, {"product_id": "P48", "price": 466}], "date_of_purchase": "2019-02-17 19:01:00"}
{"customer_id": "C9", "basket": [{"product_id": "P38", "price": 1174}], "date_of_purchase": "2019-02-17 03:50:00"}
{"customer_id": "C11", "basket": [{"product_id": "P04", "price": 1761}, {"product_id": "P12", "price": 1892}, {"product_id": "P07", "price": 25}], "date_of_purchase": "2019-02-17 15:03:00"}
{"customer_id": "C14", "basket": [{"product_id": "P18", "price": 26}, {"product_id": "P16", "price": 993}], "date_of_purchase": "2019-02-17 07:24:00"}
{"customer_id": "C15", "basket": [{"product_id": "P28", "price": 284}, {"product_id": "P23", "price": 31}], "date_of_purchase": "2019-02-17 15:44:00"}
{"customer_id": "C19", "basket": [{"product_id": "P64", "price": 1031}, {"product_id": "P61", "price": 1874}], "date_of_purchase": "2019-02-17 19:53:00"}
{"customer_id": "C26", "basket": [{"product_id": "P11", "price": 193}, {"product_id": "P02", "price": 1752}, {"product_id": "P11", "price": 179}], "date_of_purchase": "2019-02-17 04:26:00"}
{"customer_id": "C36", "basket": [{"product_id": "P39", "price": 50}], "date_of_purchase": "2019-02-17 10:47:00"}
{"customer_id": "C49", "basket": [{"product_id": "P04", "price": 579}, {"product_id": "P11", "price": 394}], "date_of_purchase": "2019-02-17 23:38:00"}
{"customer_id": "C52", "basket": [{"product_id": "P11", "price": 1623}, {"product_id": "P05", "price": 1622}, {"product_id": "P10", "price": 1206}], "date_of_purchase": "2019-02-17 14:20:00"}
{"customer_id": "C53", "basket": [{"product_id": "P40", "price": 1891}, {"product_id": "P39", "price": 688}, {"product_id": "P35", "price": 1712}], "date_of_purchase": "2019-02-17 12:19:00"}
{"customer_id": "C55", "basket": [{"product_id": "P14", "price": 418}, {"product_id": "P19", "price": 1271}, {"product_id": "P18", "price": 1118}], "date_of_purchase": "2019-02-17 13:19:00"}
{"customer_id": "C56", "basket": [{"product_id": "P27", "price": 735}, {"product_id": "P31", "price": 348}], "date_of_purchase": "2019-02-17 09:01:00"}
{"customer_id": "C64", "basket": [{"product_id": "P25", "price": 424}, {"product_id": "P28", "price": 705}], "date_of_purchase": "2019-02-17 08:46:00"}
{"customer_id": "C74", "basket": [{"product_id": "P48", "price": 974}, {"product_id": "P51", "price": 1851}, {"product_id": "P44", "price": 46}], "date_of_purchase": "2019-02-17 12:17:00"}
{"customer_id": "C81", "basket": [{"product_id": "P61", "price": 695}, {"product_id": "P61", "price": 229}], "date_of_purchase": "2019-02-17 22:57:00"}
{"customer_id": "C82", "basket": [{"product_id": "P35", "price": 828}, {"product_id": "P36", "price": 1289}, {"product_id": "P36", "price": 27}], "date_of_purchase": "2019-02-17 03:14:00"}
{"customer_id": "C86", "basket": [{"product_id": "P28", "price": 140}], "date_of_purchase": "2019-02-17 12:45:00"}
{"customer_id": "C91", "basket": [{"product_id": "P50", "price": 1370}, {"product_id": "P44", "price": 1017}, {"product_id": "P45", "price": 1745}], "date_of_purchase": "2019-02-17 20:03:00"}
{"customer_id": "C96", "basket": [{"product_id": "P03", "price": 1105}], "date_of_purchase": "2019-02-17 04:10:00"}
{"customer_id": "C99", "basket": [{"product_id": "P57", "price": 860}], "date_of_purchase": "2019-02-17 07:00:00"}
{"customer_id": "C101", "basket": [{"product_id": "P48", "price": 403}, {"product_id": "P60", "price": 1845}, {"product_id": "P44", "price": 1561}], "date_of_purchase": "2019-02-17 15:45:00"}
{"customer_id": "C103", "basket": [{"product_id": "P22", "price": 756}], "date_of_purchase": "2019-02-17 12:32:00"}
{"customer_id": "C109", "basket": [{"product_id": "P51", "price": 1530}], "date_of_purchase": "2019-02-17 16:47:00"}
{"customer_id": "C111", "basket": [{"product_id": "P05", "price": 1496}], "date_of_purchase": "2019-02-17 12:50:00"}
{"customer_id": "C115", "basket": [{"product_id": "P40", "price": 132}, {"product_id": "P38", "price": 1468}, {"product_id": "P39", "price": 1557}], "date_of_purchase": "2019-02-17 23:43:00"}
{"customer_id": "C119", "basket": [{"product_id": "P38", "price": 962}, {"product_id": "P36", "price": 157}, {"product_id": "P39", "price": 1490}], "date_of_purchase": "2019-02-17 13:35:00"}
{"customer_id": "C132", "basket": [{"product_id": "P23", "price": 950}, {"product_id": "P31", "price": 478}, {"product_id": "P27", "price": 1963}], "date_of_purchase": "2019-02-17 07:55:00"}
{"customer_id": "C137", "basket": [{"product_id": "P41", "price": 1095}, {"product_id": "P43", "price": 82}, {"product_id": "P51", "price": 1207}], "date_of_purchase": "2019-02-17 22:09:00"}
