{"customer_id": "C3", "basket": [{"product_id": "P38", "price": 1045}, {"product_id": "P37", "price": 804}, {"product_id": "P40", "price": 1261}], "date_of_purchase": "2018-12-13 18:14:00"}
{"customer_id": "C7", "basket": [{"product_id": "P43", "price": 1813}], "date_of_purchase": "2018-12-13 09:50:00"}
{"customer_id": "C15", "basket": [{"product_id": "P07", "price": 1490}, {"product_id": "P01", "price": 260}, {"product_id": "P02", "price": 1224}], "date_of_purchase": "2018-12-13 12:09:00"}
{"customer_id": "C24", "basket": [{"product_id": "P31", "price": 1582}, {"product_id": "P26", "price": 1926}, {"product_id": "P27", "price": 415}], "date_of_purchase": "2018-12-13 13:36:00"}
{"customer_id": "C42", "basket": [{"product_id": "P26", "price": 1065}, {"product_id": "P23", "price": 537}], "date_of_purchase": "2018-12-13 20:34:00"}
{"customer_id": "C43", "basket": [{"product_id": "P62", "price": 1997}], "date_of_purchase": "2018-12-13 16:16:00"}
{"customer_id": "C46", "basket": [{"product_id": "P35", "price": 266}, {"product_id": "P37", "price": 1309}], "date_of_purchase": "2018-12-13 19:26:00"}
{"customer_id": "C51", "basket": [{"product_id": "P23", "price": 451}, {"product_id": "P22", "price": 740}], "date_of_purchase": "2018-12-13 22:22:00"}
{"customer_id": "C53", "basket": [{"product_id": "P35", "price": 1627}, {"product_id": "P36", "price": 363}], "date_of_purchase": "2018-12-13 10:49:00"}
{"customer_id": "C56", "basket": [{"product_id": "P26", "price": 495}, {"product_id": "P23", "price": 752}, {"product_id": "P33", "price": 526}], "date_of_purchase": "2018-12-13 04:28:00"}
{"customer_id": "C59", "basket": [{"product_id": "P25", "price": 787}], "date_of_purchase": "2018-12-13 19:08:00"}
{"customer_id": "C61", "basket": [{"product_id": "P25", "price": 141}, {"product_id": "P34", "price": 577}, {"product_id": "P25", "price": 1390}], "date_of_purchase": "2018-12-13 14:00:00"}
{"customer_id": "C70", "basket": [{"product_id": "P39", "price": 1090}, {"product_id": "P35", "price": 19}], "date_of_purchase": "2018-12-13 06:57:00"}
{"customer_id": "C76", "basket": [{"product_id": "P37", "price": 813}, {"product_id": "P40", "price": 1676}, {"product_id": "P39", "price": 985}], "date_of_purchase": "2018-12-13 07:56:00"}
{"customer_id": "C77", "basket": [{"product_id": "P14", "price": 1038}, {"product_id": "P19", "price": 1339}], "date_of_purchase": "2018-12-13 15:47:00"}
{"customer_id": "C90", "basket": [{"product_id": "P33", "price": 1739}, {"product_id": "P34", "price": 1141}], "date_of_purchase": "2018-12-13 09:50:00"}
{"customer_id": "C92", "basket": [{"product_id": "P37", "price": 1570}, {"product_id": "P39", "price": 783}], "date_of_purchase": "2018-12-13 06:24:00"}
{"customer_id": "C95", "basket": [{"product_id": "P56", "price": 751}], "date_of_purchase": "2018-12-13 17:47:00"}
{"customer_id": "C109", "basket": [{"product_id": "P04", "price": 1623}, {"product_id": "P06", "price": 1323}, {"product_id": "P06", "price": 1159}], "date_of_purchase": "2018-12-13 03:35:00"}
{"customer_id": "C111", "basket": [{"product_id": "P12", "price": 1751}], "date_of_purchase": "2018-12-13 15:35:00"}
{"customer_id": "C115", "basket": [{"product_id": "P39", "price": 1268}, {"product_id": "P37", "price": 107}], "date_of_purchase": "2018-12-13 04:44:00"}
{"customer_id": "C119", "basket": [{"product_id": "P61", "price": 58}], "date_of_purchase": "2018-12-13 09:03:00"}
{"customer_id": "C127", "basket": [{"product_id": "P32", "price": 536}], "date_of_purchase": "2018-12-13 15:54:00"}
{"customer_id": "C130", "basket": [{"product_id": "P51", "price": 941}], "date_of_purchase": "2018-12-13 05:34:00"}
{"customer_id": "C137", "basket": [{"product_id": "P40", "price": 1872}, {"product_id": "P35", "price": 78}], "date_of_purchase": "2018-12-13 06:18:00"}
