{"customer_id": "C3", "basket": [{"product_id": "P58", "price": 803}], "date_of_purchase": "2019-01-09 23:28:00"}
{"customer_id": "C6", "basket": [{"product_id": "P37", "price": 1544}, {"product_id": "P38", "price": 1774}, {"product_id": "P39", "price": 364}], "date_of_purchase": "2019-01-09 15:13:00"}
{"customer_id": "C7", "basket": [{"product_id": "P37", "price": 1563}], "date_of_purchase": "2019-01-09 17:16:00"}
{"customer_id": "C12", "basket": [{"product_id": "P36", "price": 309}, {"product_id": "P37", "price": 245}], "date_of_purchase": "2019-01-09 18:22:00"}
{"customer_id": "C15", "basket": [{"product_id": "P39", "price": 1507}, {"product_id": "P37", "price": 1230}], "date_of_purchase": "2019-01-09 23:15:00"}
{"customer_id": "C18", "basket": [{"product_id": "P39", "price": 153}, {"product_id": "P38", "price": 1723}], "date_of_purchase": "2019-01-09 20:02:00"}
{"customer_id": "C22", "basket": [{"product_id": "P08", "price": 1505}, {"product_id": "P11", "price": 1245}, {"product_id": "P09", "price": 781}], "date_of_purchase": "2019-01-09 14:48:00"}
{"customer_id": "C23", "basket": [{"product_id": "P56", "price": 538}], "date_of_purchase": "2019-01-09 06:38:00"}
{"customer_id": "C35", "basket": [{"product_id": "P62", "price": 615}], "date_of_purchase": "2019-01-09 20:52:00"}
{"customer_id": "C39", "basket": [{"product_id": "P28", "price": 1879}, {"product_id": "P30", "price": 1203}], "date_of_purchase": "2019-01-09 17:06:00"}
{"customer_id": "C42", "basket": [{"product_id": "P32", "price": 1071}, {"product_id": "P23", "price": 1349}], "date_of_purchase": "2019-01-09 06:18:00"}
{"customer_id": "C45", "basket": [{"product_id": "P05", "price": 1383}], "date_of_purchase": "2019-01-09 11:39:00"}
{"customer_id": "C48", "basket": [{"product_id": "P41", "price": 1599}, {"product_id": "P46", "price": 883}], "date_of_purchase": "2019-01-09 22:02:00"}
{"customer_id": "C54", "basket": [{"product_id": "P40", "price": 29}, {"product_id": "P39", "price": 792}, {"product_id": "P40", "price": 276}], "date_of_purchase": "2019-01-09 08:52:00"}
{"customer_id": "C56", "basket": [{"product_id": "P23", "price": 170}, {"product_id": "P30", "price": 1376}, {"product_id": "P25", "price": 982}], "date_of_purchase": "2019-01-09 07:46:00"}
{"customer_id": "C62", "basket": [{"product_id": "P61", "price": 1016}, {"product_id": "P62", "price": 997}, {"product_id": "P64", "price": 906}], "date_of_purchase": "2019-01-09 09:46:00"}
{"customer_id": "C65", "basket": [{"product_id": "P55", "price": 1724}, {"product_id": "P51", "price": 322}], "date_of_purchase": "2019-01-09 19:42:00"}
{"customer_id": "C67", "basket": [{"product_id": "P53", "price": 1466}, {"product_id": "P41", "price": 1314}, {"product_id": "P59", "price": 1949}], "date_of_purchase": "2019-01-09 14:50:00"}
{"customer_id": "C71", "basket": [{"product_id": "P56", "price": 1629}], "date_of_purchase": "2019-01-09 16:53:00"}
{"customer_id": "C76", "basket": [{"product_id": "P16", "price": 1142}], "date_of_purchase": "2019-01-09 03:23:00"}
{"customer_id": "C77", "basket": [{"product_id": "P19", "price": 1968}], "date_of_purchase": "2019-01-09 23:23:00"}
{"customer_id": "C81", "basket": [{"product_id": "P63", "price": 938}, {"product_id": "P64", "price": 1221}, {"product_id": "P64", "price": 610}], "date_of_purchase": "2019-01-09 07:15:00"}
{"customer_id": "C85", "basket": [{"product_id": "P26", "price": 1915}, {"product_id": "P26", "price": 589}, {"product_id": "P24", "price": 590}], "date_of_purchase": "2019-01-09 04:59:00"}
{"customer_id": "C89", "basket": [{"product_id": "P64", "price": 1320}, {"product_id": "P61", "price": 446}, {"product_id": "P63", "price": 1715}], "date_of_purchase": "2019-01-09 04:24:00"}
{"customer_id": "C96", "basket": [{"product_id": "P21", "price": 677}, {"product_id": "P15", "price": 285}, {"product_id": "P14", "price": 1232}], "date_of_purchase": "2019-01-09 15:45:00"}
{"customer_id": "C98", "basket": [{"product_id": "P39", "price": 1183}], "date_of_purchase": "2019-01-09 20:44:00"}
{"customer_id": "C117", "basket": [{"product_id": "P61", "price": 709}, {"product_id": "P64", "price": 99}, {"product_id": "P63", "price": 761}], "date_of_purchase": "2019-01-09 07:09:00"}
{"customer_id": "C120", "basket": [{"product_id": "P47", "price": 1360}, {"product_id": "P46", "price": 1757}, {"product_id": "P46", "price": 525}], "date_of_purchase": "2019-01-09 19:00:00"}
{"customer_id": "C134", "basket": [{"product_id": "P07", "price": 712}], "date_of_purchase": "2019-01-09 03:21:00"}
