{"customer_id": "C1", "basket": [{"product_id": "P40", "price": 639}], "date_of_purchase": "2018-12-15 10:37:00"}
{"customer_id": "C2", "basket": [{"product_id": "P29", "price": 419}], "date_of_purchase": "2018-12-15 14:39:00"}
{"customer_id": "C3", "basket": [{"product_id": "P51", "price": 111}], "date_of_purchase": "2018-12-15 19:08:00"}
{"customer_id": "C6", "basket": [{"product_id": "P35", "price": 687}, {"product_id": "P38", "price": 1491}, {"product_id": "P35", "price": 152}], "date_of_purchase": "2018-12-15 04:08:00"}
{"customer_id": "C13", "basket": [{"product_id": "P31", "price": 1357}, {"product_id": "P33", "price": 301}], "date_of_purchase": "2018-12-15 13:07:00"}
{"customer_id": "C15", "basket": [{"product_id": "P28", "price": 1968}, {"product_id": "P34", "price": 121}, {"product_id": "P27", "price": 1905}], "date_of_purchase": "2018-12-15 06:04:00"}
{"customer_id": "C17", "basket": [{"product_id": "P40", "price": 652}, {"product_id": "P36", "price": 1646}], "date_of_purchase": "2018-12-15 20:52:00"}
{"customer_id": "C19", "basket": [{"product_id": "P63", "price": 236}], "date_of_purchase": "2018-12-15 15:45:00"}
{"customer_id": "C28", "basket": [{"product_id": "P07", "price": 1589}], "date_of_purchase": "2018-12-15 05:50:00"}
{"customer_id": "C30", "basket": [{"product_id": "P36", "price": 472}, {"product_id": "P40", "price": 1933}, {"product_id": "P38", "price": 1683}], "date_of_purchase": "2018-12-15 07:41:00"}
{"customer_id": "C34", "basket": [{"product_id": "P33", "price": 1512}, {"product_id": "P24", "price": 1212}, {"product_id": "P23", "price": 700}], "date_of_purchase": "2018-12-15 07:39:00"}
{"customer_id": "C48", "basket": [{"product_id": "P26", "price": 510}, {"product_id": "P26", "price": 1215}, {"product_id": "P33", "price": 1061}], "date_of_purchase": "2018-12-15 04:08:00"}
{"customer_id": "C50", "basket": [{"product_id": "P26", "price": 1981}, {"product_id": "P30", "price": 1935}], "date_of_purchase": "2018-12-15 04:22:00"}
{"customer_id": "C58", "basket": [{"product_id": "P13", "price": 394}, {"product_id": "P15", "price": 1500}], "date_of_purchase": "2018-12-15 08:43:00"}
{"customer_id": "C73", "basket": [{"product_id": "P59", "price": 302}, {"product_id": "P47", "price": 397}, {"product_id": "P47", "price": 1166}], "date_of_purchase": "2018-12-15 08:47:00"}
{"customer_id": "C79", "basket": [{"product_id": "P35", "price": 814}, {"product_id": "P39", "price": 1533}], "date_of_purchase": "2018-12-15 21:33:00"}
{"customer_id": "C81", "basket": [{"product_id": "P35", "price": 261}, {"product_id": "P37", "price": 1539}, {"product_id": "P36", "price": 334}], "date_of_purchase": "2018-12-15 03:43:00"}
{"customer_id": "C83", "basket": [{"product_id": "P55", "price": 910}], "date_of_purchase": "2018-12-15 03:31:00"}
{"customer_id": "C85", "basket": [{"product_id": "P33", "price": 1795}, {"product_id": "P24", "price": 324}, {"product_id": "P34", "price": 1802}], "date_of_purchase": "2018-12-15 08:07:00"}
{"customer_id": "C88", "basket": [{"product_id": "P37", "price": 1092}, {"product_id": "P40", "price": 1071}, {"product_id": "P37", "price": 711}], "date_of_purchase": "2018-12-15 07:23:00"}
{"customer_id": "C89", "basket": [{"product_id": "P64", "price": 1160}, {"product_id": "P64", "price": 304}, {"product_id": "P61", "price": 1021}], "date_of_purchase": "2018-12-15 20:40:00"}
{"customer_id": "C93", "basket": [{"product_id": "P03", "price": 1516}, {"product_id": "P04", "price": 1983}], "date_of_purchase": "2018-12-15 14:29:00"}
{"customer_id": "C96", "basket": [{"product_id": "P25", "price": 1344}], "date_of_purchase": "2018-12-15 10:24:00"}
{"customer_id": "C102", "basket": [{"product_id": "P37", "price": 1047}], "date_of_purchase": "2018-12-15 03:12:00"}
{"customer_id": "C116", "basket": [{"product_id": "P46", "price": 1140}, {"product_id": "P49", "price": 520}, {"product_id": "P52", "price": 1944}], "date_of_purchase": "2018-12-15 15:49:00"}
{"customer_id": "C117", "basket": [{"product_id": "P23", "price": 118}, {"product_id": "P34", "price": 311}, {"product_id": "P23", "price": 278}], "date_of_purchase": "2018-12-15 19:11:00"}
{"customer_id": "C118", "basket": [{"product_id": "P32", "price": 1508}, {"product_id": "P25", "price": 1007}], "date_of_purchase": "2018-12-15 12:42:00"}
{"customer_id": "C120", "basket": [{"product_id": "P57", "price": 723}, {"product_id": "P48", "price": 1891}, {"product_id": "P54", "price": 405}], "date_of_purchase": "2018-12-15 17:13:00"}
{"customer_id": "C122", "basket": [{"product_id": "P53", "price": 797}, {"product_id": "P52", "price": 635}, {"product_id": "P43", "price": 404}], "date_of_purchase": "2018-12-15 18:37:00"}
{"customer_id": "C124", "basket": [{"product_id": "P40", "price": 1201}, {"product_id": "P39", "price": 1759}], "date_of_purchase": "2018-12-15 22:10:00"}
{"customer_id": "C126", "basket": [{"product_id": "P12", "price": 1612}], "date_of_purchase": "2018-12-15 17:56:00"}
{"customer_id": "C132", "basket": [{"product_id": "P34", "price": 21}, {"product_id": "P26", "price": 1023}, {"product_id": "P23", "price": 1249}], "date_of_purchase": "2018-12-15 09:12:00"}
{"customer_id": "C137", "basket": [{"product_id": "P39", "price": 1917}], "date_of_purchase": "2018-12-15 16:02:00"}
