{"customer_id": "C2", "basket": [{"product_id": "P06", "price": 23}], "date_of_purchase": "2019-02-27 09:32:00"}
{"customer_id": "C6", "basket": [{"product_id": "P03", "price": 604}, {"product_id": "P07", "price": 481}], "date_of_purchase": "2019-02-27 15:36:00"}
{"customer_id": "C25", "basket": [{"product_id": "P36", "price": 331}, {"product_id": "P40", "price": 11}], "date_of_purchase": "2019-02-27 16:42:00"}
{"customer_id": "C27", "basket": [{"product_id": "P62", "price": 368}, {"product_id": "P62", "price": 1112}, {"product_id": "P61", "price": 1723}], "date_of_purchase": "2019-02-27 09:19:00"}
{"customer_id": "C32", "basket": [{"product_id": "P38", "price": 157}, {"product_id": "P36", "price": 1469}], "date_of_purchase": "2019-02-27 20:40:00"}
{"customer_id": "C34", "basket": [{"product_id": "P32", "price": 1213}, {"product_id": "P23", "price": 843}, {"product_id": "P25", "price": 1422}], "date_of_purchase": "2019-02-27 16:30:00"}
{"customer_id": "C42", "basket": [{"product_id": "P29", "price": 1295}], "date_of_purchase": "2019-02-27 16:22:00"}
{"customer_id": "C56", "basket": [{"product_id": "P30", "price": 427}, {"product_id": "P34", "price": 1523}], "date_of_purchase": "2019-02-27 08:11:00"}
{"customer_id": "C62", "basket": [{"product_id": "P63", "price": 794}, {"product_id": "P63", "price": 62}, {"product_id": "P61", "price": 569}], "date_of_purchase": "2019-02-27 12:19:00"}
{"customer_id": "C67", "basket": [{"product_id": "P42", "price": 445}, {"product_id": "P58", "price": 1078}], "date_of_purchase": "2019-02-27 17:46:00"}
{"customer_id": "C70", "basket": [{"product_id": "P40", "price": 1362}, {"product_id": "P39", "price": 640}, {"product_id": "P39", "price": 1073}], "date_of_purchase": "2019-02-27 20:42:00"}
{"customer_id": "C71", "basket": [{"product_id": "P27", "price": 304}], "date_of_purchase": "2019-02-27 09:11:00"}
{"customer_id": "C77", "basket": [{"product_id": "P20", "price": 118}], "date_of_purchase": "2019-02-27 09:24:00"}
{"customer_id": "C79", "basket": [{"product_id": "P56", "price": 332}], "date_of_purchase": "2019-02-27 19:11:00"}
{"customer_id": "C88", "basket": [{"product_id": "P35", "price": 1567}], "date_of_purchase": "2019-02-27 18:48:00"}
{"customer_id": "C103", "basket": [{"product_id": "P25", "price": 1048}, {"product_id": "P28", "price": 114}], "date_of_purchase": "2019-02-27 21:29:00"}
{"customer_id": "C107", "basket": [{"product_id": "P36", "price": 1307}, {"product_id": "P35", "price": 1753}, {"product_id": "P38", "price": 58}], "date_of_purchase": "2019-02-27 04:14:00"}
{"customer_id": "C112", "basket": [{"product_id": "P07", "price": 1850}, {"product_id": "P07", "price": 248}, {"product_id": "P09", "price": 1644}], "date_of_purchase": "2019-02-27 09:28:00"}
{"customer_id": "C116", "basket": [{"product_id": "P45", "price": 1459}, {"product_id": "P57", "price": 400}, {"product_id": "P48", "price": 908}], "date_of_purchase": "2019-02-27 10:43:00"}
{"customer_id": "C119", "basket": [{"product_id": "P37", "price": 1140}, {"product_id": "P38", "price": 975}], "date_of_purchase": "2019-02-27 09:23:00"}
{"customer_id": "C122", "basket": [{"product_id": "P49", "price": 576}], "date_of_purchase": "2019-02-27 22:28:00"}
{"customer_id": "C128", "basket": [{"product_id": "P36", "price": 667}, {"product_id": "P39", "price": 309}], "date_of_purchase": "2019-02-27 05:45:00"}
{"customer_id": "C135", "basket": [{"product_id": "P52", "price": 1920}, {"product_id": "P42", "price": 1335}], "date_of_purchase": "2019-02-27 15:22:00"}
