{"customer_id": "C6", "basket": [{"product_id": "P36", "price": 1539}], "date_of_purchase": "2018-12-09 16:24:00"}
{"customer_id": "C7", "basket": [{"product_id": "P05", "price": 847}, {"product_id": "P01", "price": 1314}], "date_of_purchase": "2018-12-09 15:01:00"}
{"customer_id": "C10", "basket": [{"product_id": "P62", "price": 1049}, {"product_id": "P63", "price": 1167}], "date_of_purchase": "2018-12-09 23:00:00"}
{"customer_id": "C11", "basket": [{"product_id": "P32", "price": 86}, {"product_id": "P23", "price": 1268}], "date_of_purchase": "2018-12-09 21:37:00"}
{"customer_id": "C18", "basket": [{"product_id": "P38", "price": 843}], "date_of_purchase": "2018-12-09 21:05:00"}
{"customer_id": "C24", "basket": [{"product_id": "P33", "price": 1727}], "date_of_purchase": "2018-12-09 22:21:00"}
{"customer_id": "C30", "basket": [{"product_id": "P36", "price": 923}], "date_of_purchase": "2018-12-09 11:27:00"}
{"customer_id": "C31", "basket": [{"product_id": "P43", "price": 1512}], "date_of_purchase": "2018-12-09 12:49:00"}
{"customer_id": "C35", "basket": [{"product_id": "P24", "price": 1574}, {"product_id": "P32", "price": 496}, {"product_id": "P27", "price": 1066}], "date_of_purchase": "2018-12-09 14:01:00"}
{"customer_id": "C44", "basket": [{"product_id": "P37", "price": 677}], "date_of_purchase": "2018-12-09 17:41:00"}
{"customer_id": "C51", "basket": [{"product_id": "P42", "price": 479}, {"product_id": "P48", "price": 484}], "date_of_purchase": "2018-12-09 23:49:00"}
{"customer_id": "C61", "basket": [{"product_id": "P31", "price": 1127}], "date_of_purchase": "2018-12-09 12:20:00"}
{"customer_id": "C62", "basket": [{"product_id": "P04", "price": 1737}, {"product_id": "P08", "price": 1785}, {"product_id": "P02", "price": 1229}], "date_of_purchase": "2018-12-09 15:35:00"}
{"customer_id": "C64", "basket": [{"product_id": "P33", "price": 418}, {"product_id": "P34", "price": 1699}, {"product_id": "P33", "price": 994}], "date_of_purchase": "2018-12-09 07:34:00"}
{"customer_id": "C65", "basket": [{"product_id": "P39", "price": 1344}, {"product_id": "P39", "price": 953}, {"product_id": "P35", "price": 675}], "date_of_purchase": "2018-12-09 21:05:00"}
{"customer_id": "C66", "basket": [{"product_id": "P05", "price": 953}, {"product_id": "P09", "price": 1511}, {"product_id": "P12", "price": 125}], "date_of_purchase": "2018-12-09 12:30:00"}
{"customer_id": "C71", "basket": [{"product_id": "P46", "price": 1440}, {"product_id": "P48", "price": 615}], "date_of_purchase": "2018-12-09 22:55:00"}
{"customer_id": "C77", "basket": [{"product_id": "P11", "price": 851}], "date_of_purchase": "2018-12-09 09:34:00"}
{"customer_id": "C85", "basket": [{"product_id": "P27", "price": 1688}, {"product_id": "P34", "price": 1047}], "date_of_purchase": "2018-12-09 18:50:00"}
{"customer_id": "C86", "basket": [{"product_id": "P54", "price": 332}, {"product_id": "P41", "price": 481}], "date_of_purchase": "2018-12-09 13:20:00"}
{"customer_id": "C90", "basket": [{"product_id": "P28", "price": 1665}, {"product_id": "P27", "price": 1586}, {"product_id": "P33", "price": 1993}], "date_of_purchase": "2018-12-09 07:35:00"}
{"customer_id": "C94", "basket": [{"product_id": "P31", "price": 285}, {"product_id": "P27", "price": 1681}, {"product_id": "P28", "price": 1129}], "date_of_purchase": "2018-12-09 17:37:00"}
{"customer_id": "C100", "basket": [{"product_id": "P08", "price": 1313}], "date_of_purchase": "2018-12-09 13:54:00"}
{"customer_id": "C110", "basket": [{"product_id": "P25", "price": 1583}, {"product_id": "P26", "price": 411}, {"product_id": "P29", "price": 743}], "date_of_purchase": "2018-12-09 18:45:00"}
{"customer_id": "C120", "basket": [{"product_id": "P45", "price": 325}, {"product_id": "P56", "price": 992}, {"product_id": "P43", "price": 321}], "date_of_purchase": "2018-12-09 03:03:00"}
{"customer_id": "C123", "basket": [{"product_id": "P42", "price": 382}], "date_of_purchase": "2018-12-09 10:29:00"}
{"customer_id": "C124", "basket": [{"product_id": "P40", "price": 1517}, {"product_id": "P36", "price": 311}, {"product_id": "P37", "price": 1397}], "date_of_purchase": "2018-12-09 17:30:00"}
{"customer_id": "C133", "basket": [{"product_id": "P40", "price": 226}, {"product_id": "P36", "price": 1284}], "date_of_purchase": "2018-12-09 04:38:00"}
{"customer_id": "C136", "basket": [{"product_id": "P26", "price": 988}], "date_of_purchase": "2018-12-09 22:22:00"}
