{"customer_id": "C11", "basket": [{"product_id": "P22", "price": 401}, {"product_id": "P31", "price": 621}, {"product_id": "P30", "price": 242}], "date_of_purchase": "2019-02-25 04:55:00"}
{"customer_id": "C30", "basket": [{"product_id": "P35", "price": 1316}, {"product_id": "P35", "price": 835}], "date_of_purchase": "2019-02-25 12:20:00"}
{"customer_id": "C63", "basket": [{"product_id": "P35", "price": 244}], "date_of_purchase": "2019-02-25 07:58:00"}
{"customer_id": "C64", "basket": [{"product_id": "P28", "price": 1506}, {"product_id": "P24", "price": 1623}], "date_of_purchase": "2019-02-25 21:50:00"}
{"customer_id": "C71", "basket": [{"product_id": "P51", "price": 1802}, {"product_id": "P56", "price": 1078}], "date_of_purchase": "2019-02-25 04:07:00"}
{"customer_id": "C78", "basket": [{"product_id": "P56", "price": 1586}, {"product_id": "P46", "price": 1384}], "date_of_purchase": "2019-02-25 08:56:00"}
{"customer_id": "C86", "basket": [{"product_id": "P62", "price": 1491}], "date_of_purchase": "2019-02-25 18:41:00"}
{"customer_id": "C88", "basket": [{"product_id": "P22", "price": 489}, {"product_id": "P31", "price": 364}], "date_of_purchase": "2019-02-25 10:19:00"}
{"customer_id": "C100", "basket": [{"product_id": "P03", "price": 209}, {"product_id": "P04", "price": 99}], "date_of_purchase": "2019-02-25 19:23:00"}
{"customer_id": "C116", "basket": [{"product_id": "P51", "price": 1868}, {"product_id": "P56", "price": 512}, {"product_id": "P41", "price": 1440}], "date_of_purchase": "2019-02-25 14:08:00"}
{"customer_id": "C122", "basket": [{"product_id": "P46", "price": 1183}], "date_of_purchase": "2019-02-25 13:29:00"}
{"customer_id": "C124", "basket": [{"product_id": "P61", "price": 1757}, {"product_id": "P62", "price": 750}], "date_of_purchase": "2019-02-25 23:39:00"}
{"customer_id": "C128", "basket": [{"product_id": "P40", "price": 683}, {"product_id": "P36", "price": 357}, {"product_id": "P35", "price": 1981}], "date_of_purchase": "2019-02-25 03:43:00"}
{"customer_id": "C133", "basket": [{"product_id": "P39", "price": 1973}, {"product_id": "P35", "price": 79}, {"product_id": "P40", "price": 1428}], "date_of_purchase": "2019-02-25 11:39:00"}
