{"customer_id": "C3", "basket": [{"product_id": "P51", "price": 1353}], "date_of_purchase": "2018-12-17 21:44:00"}
{"customer_id": "C13", "basket": [{"product_id": "P26", "price": 11}], "date_of_purchase": "2018-12-17 14:32:00"}
{"customer_id": "C23", "basket": [{"product_id": "P63", "price": 422}, {"product_id": "P61", "price": 343}], "date_of_purchase": "2018-12-17 06:40:00"}
{"customer_id": "C34", "basket": [{"product_id": "P26", "price": 791}, {"product_id": "P30", "price": 877}], "date_of_purchase": "2018-12-17 16:10:00"}
{"customer_id": "C35", "basket": [{"product_id": "P61", "price": 1214}, {"product_id": "P61", "price": 1727}, {"product_id": "P63", "price": 1128}], "date_of_purchase": "2018-12-17 18:00:00"}
{"customer_id": "C41", "basket": [{"product_id": "P08", "price": 1279}], "date_of_purchase": "2018-12-17 06:02:00"}
{"customer_id": "C56", "basket": [{"product_id": "P34", "price": 1862}, {"product_id": "P34", "price": 1474}, {"product_id": "P32", "price": 923}], "date_of_purchase": "2018-12-17 08:55:00"}
{"customer_id": "C72", "basket": [{"product_id": "P60", "price": 582}], "date_of_purchase": "2018-12-17 05:21:00"}
{"customer_id": "C76", "basket": [{"product_id": "P28", "price": 1533}, {"product_id": "P24", "price": 824}, {"product_id": "P33", "price": 8}], "date_of_purchase": "2018-12-17 06:21:00"}
{"customer_id": "C84", "basket": [{"product_id": "P06", "price": 1261}], "date_of_purchase": "2018-12-17 19:26:00"}
{"customer_id": "C85", "basket": [{"product_id": "P37", "price": 1728}], "date_of_purchase": "2018-12-17 13:25:00"}
{"customer_id": "C86", "basket": [{"product_id": "P64", "price": 713}], "date_of_purchase": "2018-12-17 04:08:00"}
{"customer_id": "C91", "basket": [{"product_id": "P44", "price": 635}, {"product_id": "P51", "price": 418}, {"product_id": "P49", "price": 865}], "date_of_purchase": "2018-12-17 17:31:00"}
{"customer_id": "C92", "basket": [{"product_id": "P06", "price": 1797}, {"product_id": "P02", "price": 278}, {"product_id": "P07", "price": 903}], "date_of_purchase": "2018-12-17 12:14:00"}
{"customer_id": "C100", "basket": [{"product_id": "P01", "price": 1539}], "date_of_purchase": "2018-12-17 23:48:00"}
{"customer_id": "C119", "basket": [{"product_id": "P63", "price": 533}, {"product_id": "P61", "price": 1821}, {"product_id": "P62", "price": 92}], "date_of_purchase": "2018-12-17 16:16:00"}
{"customer_id": "C122", "basket": [{"product_id": "P48", "price": 248}, {"product_id": "P57", "price": 1446}], "date_of_purchase": "2018-12-17 21:14:00"}
