{"customer_id": "C5", "basket": [{"product_id": "P31", "price": 803}, {"product_id": "P30", "price": 658}, {"product_id": "P22", "price": 634}], "date_of_purchase": "2019-01-24 03:21:00"}
{"customer_id": "C6", "basket": [{"product_id": "P39", "price": 1745}, {"product_id": "P37", "price": 938}], "date_of_purchase": "2019-01-24 07:38:00"}
{"customer_id": "C9", "basket": [{"product_id": "P37", "price": 1071}], "date_of_purchase": "2019-01-24 12:56:00"}
{"customer_id": "C24", "basket": [{"product_id": "P23", "price": 1077}, {"product_id": "P29", "price": 168}], "date_of_purchase": "2019-01-24 07:20:00"}
{"customer_id": "C30", "basket": [{"product_id": "P37", "price": 218}], "date_of_purchase": "2019-01-24 13:55:00"}
{"customer_id": "C32", "basket": [{"product_id": "P44", "price": 90}, {"product_id": "P58", "price": 530}, {"product_id": "P47", "price": 721}], "date_of_purchase": "2019-01-24 18:00:00"}
{"customer_id": "C39", "basket": [{"product_id": "P25", "price": 475}, {"product_id": "P23", "price": 444}, {"product_id": "P28", "price": 29}], "date_of_purchase": "2019-01-24 16:25:00"}
{"customer_id": "C42", "basket": [{"product_id": "P34", "price": 1169}], "date_of_purchase": "2019-01-24 08:49:00"}
{"customer_id": "C43", "basket": [{"product_id": "P62", "price": 223}, {"product_id": "P64", "price": 716}, {"product_id": "P64", "price": 1780}], "date_of_purchase": "2019-01-24 17:55:00"}
{"customer_id": "C58", "basket": [{"product_id": "P59", "price": 1821}], "date_of_purchase": "2019-01-24 22:41:00"}
{"customer_id": "C65", "basket": [{"product_id": "P52", "price": 984}, {"product_id": "P44", "price": 89}], "date_of_purchase": "2019-01-24 21:12:00"}
{"customer_id": "C67", "basket": [{"product_id": "P55", "price": 738}, {"product_id": "P50", "price": 1369}, {"product_id": "P59", "price": 1843}], "date_of_purchase": "2019-01-24 20:56:00"}
{"customer_id": "C79", "basket": [{"product_id": "P38", "price": 416}, {"product_id": "P39", "price": 1754}, {"product_id": "P38", "price": 1468}], "date_of_purchase": "2019-01-24 10:29:00"}
{"customer_id": "C80", "basket": [{"product_id": "P15", "price": 1717}, {"product_id": "P15", "price": 1629}], "date_of_purchase": "2019-01-24 03:19:00"}
{"customer_id": "C85", "basket": [{"product_id": "P28", "price": 661}, {"product_id": "P27", "price": 57}], "date_of_purchase": "2019-01-24 12:57:00"}
{"customer_id": "C96", "basket": [{"product_id": "P25", "price": 1296}], "date_of_purchase": "2019-01-24 17:57:00"}
{"customer_id": "C100", "basket": [{"product_id": "P01", "price": 696}, {"product_id": "P10", "price": 335}], "date_of_purchase": "2019-01-24 14:25:00"}
{"customer_id": "C101", "basket": [{"product_id": "P35", "price": 874}, {"product_id": "P39", "price": 1841}], "date_of_purchase": "2019-01-24 16:04:00"}
{"customer_id": "C104", "basket": [{"product_id": "P04", "price": 437}, {"product_id": "P06", "price": 19}, {"product_id": "P12", "price": 110}], "date_of_purchase": "2019-01-24 02:49:00"}
{"customer_id": "C111", "basket": [{"product_id": "P11", "price": 806}, {"product_id": "P11", "price": 889}], "date_of_purchase": "2019-01-24 16:08:00"}
{"customer_id": "C119", "basket": [{"product_id": "P63", "price": 1493}], "date_of_purchase": "2019-01-24 09:38:00"}
{"customer_id": "C122", "basket": [{"product_id": "P30", "price": 1729}, {"product_id": "P28", "price": 818}, {"product_id": "P24", "price": 306}], "date_of_purchase": "2019-01-24 03:06:00"}
{"customer_id": "C126", "basket": [{"product_id": "P11", "price": 421}], "date_of_purchase": "2019-01-24 07:47:00"}
