{"customer_id": "C12", "basket": [{"product_id": "P59", "price": 1087}, {"product_id": "P42", "price": 618}, {"product_id": "P45", "price": 1172}], "date_of_purchase": "2019-02-20 20:18:00"}
{"customer_id": "C20", "basket": [{"product_id": "P52", "price": 1265}, {"product_id": "P51", "price": 63}, {"product_id": "P57", "price": 1197}], "date_of_purchase": "2019-02-20 08:27:00"}
{"customer_id": "C22", "basket": [{"product_id": "P11", "price": 1939}, {"product_id": "P09", "price": 1036}], "date_of_purchase": "2019-02-20 17:59:00"}
{"customer_id": "C24", "basket": [{"product_id": "P22", "price": 1246}, {"product_id": "P27", "price": 464}], "date_of_purchase": "2019-02-20 16:15:00"}
{"customer_id": "C35", "basket": [{"product_id": "P30", "price": 40}, {"product_id": "P22", "price": 899}, {"product_id": "P25", "price": 476}], "date_of_purchase": "2019-02-20 18:07:00"}
{"customer_id": "C38", "basket": [{"product_id": "P55", "price": 9}], "date_of_purchase": "2019-02-20 17:42:00"}
{"customer_id": "C49", "basket": [{"product_id": "P04", "price": 1296}, {"product_id": "P01", "price": 1586}, {"product_id": "P03", "price": 1286}], "date_of_purchase": "2019-02-20 11:53:00"}
{"customer_id": "C52", "basket": [{"product_id": "P23", "price": 764}], "date_of_purchase": "2019-02-20 16:59:00"}
{"customer_id": "C55", "basket": [{"product_id": "P02", "price": 1236}, {"product_id": "P06", "price": 664}], "date_of_purchase": "2019-02-20 09:00:00"}
{"customer_id": "C62", "basket": [{"product_id": "P63", "price": 1092}], "date_of_purchase": "2019-02-20 03:34:00"}
{"customer_id": "C64", "basket": [{"product_id": "P27", "price": 980}, {"product_id": "P33", "price": 1315}, {"product_id": "P32", "price": 75}], "date_of_purchase": "2019-02-20 18:51:00"}
{"customer_id": "C67", "basket": [{"product_id": "P45", "price": 194}, {"product_id": "P57", "price": 1677}, {"product_id": "P56", "price": 1297}], "date_of_purchase": "2019-02-20 05:47:00"}
{"customer_id": "C69", "basket": [{"product_id": "P25", "price": 79}, {"product_id": "P26", "price": 872}], "date_of_purchase": "2019-02-20 18:35:00"}
{"customer_id": "C75", "basket": [{"product_id": "P27", "price": 62}, {"product_id": "P25", "price": 1335}, {"product_id": "P30", "price": 1021}], "date_of_purchase": "2019-02-20 07:30:00"}
{"customer_id": "C76", "basket": [{"product_id": "P32", "price": 1014}, {"product_id": "P31", "price": 649}], "date_of_purchase": "2019-02-20 16:23:00"}
{"customer_id": "C77", "basket": [{"product_id": "P27", "price": 1608}], "date_of_purchase": "2019-02-20 23:39:00"}
{"customer_id": "C91", "basket": [{"product_id": "P56", "price": 809}], "date_of_purchase": "2019-02-20 16:21:00"}
{"customer_id": "C93", "basket": [{"product_id": "P02", "price": 670}, {"product_id": "P11", "price": 1032}, {"product_id": "P01", "price": 1996}], "date_of_purchase": "2019-02-20 21:56:00"}
{"customer_id": "C94", "basket": [{"product_id": "P34", "price": 735}, {"product_id": "P24", "price": 1134}], "date_of_purchase": "2019-02-20 16:25:00"}
{"customer_id": "C95", "basket": [{"product_id": "P39", "price": 1004}, {"product_id": "P39", "price": 901}], "date_of_purchase": "2019-02-20 05:18:00"}
{"customer_id": "C96", "basket": [{"product_id": "P17", "price": 1350}, {"product_id": "P14", "price": 1442}], "date_of_purchase": "2019-02-20 10:47:00"}
{"customer_id": "C100", "basket": [{"product_id": "P31", "price": 816}, {"product_id": "P26", "price": 596}], "date_of_purchase": "2019-02-20 14:51:00"}
{"customer_id": "C101", "basket": [{"product_id": "P37", "price": 1314}, {"product_id": "P37", "price": 627}], "date_of_purchase": "2019-02-20 05:08:00"}
{"customer_id": "C104", "basket": [{"product_id": "P39", "price": 1194}, {"product_id": "P40", "price": 594}, {"product_id": "P35", "price": 359}], "date_of_purchase": "2019-02-20 08:58:00"}
{"customer_id": "C108", "basket": [{"product_id": "P36", "price": 975}, {"product_id": "P37", "price": 323}], "date_of_purchase": "2019-02-20 13:32:00"}
{"customer_id": "C109", "basket": [{"product_id": "P43", "price": 593}, {"product_id": "P49", "price": 338}, {"product_id": "P57", "price": 1588}], "date_of_purchase": "2019-02-20 21:27:00"}
{"customer_id": "C120", "basket": [{"product_id": "P58", "price": 1832}], "date_of_purchase": "2019-02-20 06:49:00"}
{"customer_id": "C122", "basket": [{"product_id": "P25", "price": 749}], "date_of_purchase": "2019-02-20 04:26:00"}
{"customer_id": "C123", "basket": [{"product_id": "P46", "price": 217}, {"product_id": "P50", "price": 682}, {"product_id": "P43", "price": 811}], "date_of_purchase": "2019-02-20 12:00:00"}
{"customer_id": "C125", "basket": [{"product_id": "P42", "price": 545}, {"product_id": "P48", "price": 1047}, {"product_id": "P56", "price": 339}], "date_of_purchase": "2019-02-20 22:37:00"}
{"customer_id": "C130", "basket": [{"product_id": "P50", "price": 1043}, {"product_id": "P44", "price": 811}, {"product_id": "P47", "price": 608}], "date_of_purchase": "2019-02-20 08:49:00"}
{"customer_id": "C137", "basket": [{"product_id": "P40", "price": 256}], "date_of_purchase": "2019-02-20 23:22:00"}
