{"customer_id": "C9", "basket": [{"product_id": "P31", "price": 1604}, {"product_id": "P33", "price": 561}, {"product_id": "P25", "price": 331}], "date_of_purchase": "2019-01-17 23:06:00"}
{"customer_id": "C11", "basket": [{"product_id": "P29", "price": 1939}, {"product_id": "P27", "price": 1015}], "date_of_purchase": "2019-01-17 09:19:00"}
{"customer_id": "C18", "basket": [{"product_id": "P29", "price": 1968}], "date_of_purchase": "2019-01-17 18:54:00"}
{"customer_id": "C26", "basket": [{"product_id": "P24", "price": 1700}, {"product_id": "P28", "price": 291}, {"product_id": "P23", "price": 491}], "date_of_purchase": "2019-01-17 14:56:00"}
{"customer_id": "C42", "basket": [{"product_id": "P27", "price": 1712}, {"product_id": "P32", "price": 577}, {"product_id": "P33", "price": 928}], "date_of_purchase": "2019-01-17 05:40:00"}
{"customer_id": "C53", "basket": [{"product_id": "P26", "price": 954}, {"product_id": "P22", "price": 1228}], "date_of_purchase": "2019-01-17 07:17:00"}
{"customer_id": "C61", "basket": [{"product_id": "P23", "price": 785}], "date_of_purchase": "2019-01-17 06:50:00"}
{"customer_id": "C62", "basket": [{"product_id": "P03", "price": 1058}, {"product_id": "P01", "price": 1701}, {"product_id": "P01", "price": 1624}], "date_of_purchase": "2019-01-17 10:32:00"}
{"customer_id": "C67", "basket": [{"product_id": "P63", "price": 692}, {"product_id": "P64", "price": 989}, {"product_id": "P62", "price": 1000}], "date_of_purchase": "2019-01-17 13:28:00"}
{"customer_id": "C76", "basket": [{"product_id": "P38", "price": 1445}], "date_of_purchase": "2019-01-17 11:42:00"}
{"customer_id": "C85", "basket": [{"product_id": "P24", "price": 594}], "date_of_purchase": "2019-01-17 12:43:00"}
{"customer_id": "C91", "basket": [{"product_id": "P49", "price": 1581}, {"product_id": "P53", "price": 371}], "date_of_purchase": "2019-01-17 09:20:00"}
{"customer_id": "C96", "basket": [{"product_id": "P09", "price": 73}, {"product_id": "P09", "price": 1577}], "date_of_purchase": "2019-01-17 07:51:00"}
{"customer_id": "C100", "basket": [{"product_id": "P04", "price": 1177}, {"product_id": "P11", "price": 1065}, {"product_id": "P09", "price": 1098}], "date_of_purchase": "2019-01-17 07:23:00"}
{"customer_id": "C103", "basket": [{"product_id": "P24", "price": 1798}, {"product_id": "P32", "price": 1861}], "date_of_purchase": "2019-01-17 10:44:00"}
{"customer_id": "C114", "basket": [{"product_id": "P55", "price": 1229}, {"product_id": "P59", "price": 995}], "date_of_purchase": "2019-01-17 11:09:00"}
{"customer_id": "C116", "basket": [{"product_id": "P62", "price": 1046}], "date_of_purchase": "2019-01-17 23:25:00"}
{"customer_id": "C118", "basket": [{"product_id": "P31", "price": 24}, {"product_id": "P23", "price": 1382}, {"product_id": "P25", "price": 1756}], "date_of_purchase": "2019-01-17 15:35:00"}
{"customer_id": "C121", "basket": [{"product_id": "P26", "price": 594}, {"product_id": "P23", "price": 739}], "date_of_purchase": "2019-01-17 22:34:00"}
{"customer_id": "C134", "basket": [{"product_id": "P39", "price": 1170}, {"product_id": "P40", "price": 328}], "date_of_purchase": "2019-01-17 06:28:00"}
