{"customer_id": "C1", "basket": [{"product_id": "P10", "price": 1028}, {"product_id": "P06", "price": 452}, {"product_id": "P11", "price": 1837}], "date_of_purchase": "2019-01-11 07:52:00"}
{"customer_id": "C2", "basket": [{"product_id": "P01", "price": 1271}], "date_of_purchase": "2019-01-11 22:06:00"}
{"customer_id": "C11", "basket": [{"product_id": "P08", "price": 500}], "date_of_purchase": "2019-01-11 08:46:00"}
{"customer_id": "C12", "basket": [{"product_id": "P30", "price": 1704}], "date_of_purchase": "2019-01-11 06:00:00"}
{"customer_id": "C15", "basket": [{"product_id": "P63", "price": 1222}, {"product_id": "P61", "price": 53}], "date_of_purchase": "2019-01-11 08:13:00"}
{"customer_id": "C19", "basket": [{"product_id": "P64", "price": 1815}, {"product_id": "P61", "price": 20}], "date_of_purchase": "2019-01-11 05:21:00"}
{"customer_id": "C27", "basket": [{"product_id": "P64", "price": 721}], "date_of_purchase": "2019-01-11 23:44:00"}
{"customer_id": "C30", "basket": [{"product_id": "P37", "price": 1201}, {"product_id": "P36", "price": 283}, {"product_id": "P36", "price": 1483}], "date_of_purchase": "2019-01-11 16:05:00"}
{"customer_id": "C31", "basket": [{"product_id": "P01", "price": 1166}, {"product_id": "P03", "price": 768}, {"product_id": "P03", "price": 546}], "date_of_purchase": "2019-01-11 07:07:00"}
{"customer_id": "C33", "basket": [{"product_id": "P03", "price": 1910}], "date_of_purchase": "2019-01-11 21:40:00"}
{"customer_id": "C34", "basket": [{"product_id": "P07", "price": 1496}, {"product_id": "P01", "price": 265}], "date_of_purchase": "2019-01-11 19:49:00"}
{"customer_id": "C38", "basket": [{"product_id": "P64", "price": 213}, {"product_id": "P62", "price": 1030}], "date_of_purchase": "2019-01-11 20:16:00"}
{"customer_id": "C42", "basket": [{"product_id": "P33", "price": 1281}, {"product_id": "P32", "price": 1403}], "date_of_purchase": "2019-01-11 06:00:00"}
{"customer_id": "C49", "basket": [{"product_id": "P01", "price": 507}, {"product_id": "P03", "price": 443}], "date_of_purchase": "2019-01-11 16:44:00"}
{"customer_id": "C51", "basket": [{"product_id": "P58", "price": 1256}], "date_of_purchase": "2019-01-11 11:30:00"}
{"customer_id": "C55", "basket": [{"product_id": "P44", "price": 1044}, {"product_id": "P41", "price": 1702}], "date_of_purchase": "2019-01-11 15:32:00"}
{"customer_id": "C58", "basket": [{"product_id": "P39", "price": 1206}, {"product_id": "P37", "price": 278}], "date_of_purchase": "2019-01-11 15:28:00"}
{"customer_id": "C62", "basket": [{"product_id": "P57", "price": 799}], "date_of_purchase": "2019-01-11 15:55:00"}
{"customer_id": "C67", "basket": [{"product_id": "P61", "price": 1504}], "date_of_purchase": "2019-01-11 13:33:00"}
{"customer_id": "C72", "basket": [{"product_id": "P11", "price": 321}, {"product_id": "P09", "price": 1880}, {"product_id": "P04", "price": 96}], "date_of_purchase": "2019-01-11 14:03:00"}
{"customer_id": "C83", "basket": [{"product_id": "P43", "price": 511}], "date_of_purchase": "2019-01-11 20:59:00"}
{"customer_id": "C84", "basket": [{"product_id": "P06", "price": 608}, {"product_id": "P07", "price": 534}], "date_of_purchase": "2019-01-11 10:29:00"}
{"customer_id": "C91", "basket": [{"product_id": "P45", "price": 1869}], "date_of_purchase": "2019-01-11 08:38:00"}
{"customer_id": "C99", "basket": [{"product_id": "P49", "price": 935}], "date_of_purchase": "2019-01-11 15:48:00"}
{"customer_id": "C114", "basket": [{"product_id": "P25", "price": 912}, {"product_id": "P28", "price": 1420}], "date_of_purchase": "2019-01-11 22:29:00"}
{"customer_id": "C116", "basket": [{"product_id": "P63", "price": 1867}, {"product_id": "P61", "price": 212}, {"product_id": "P62", "price": 215}], "date_of_purchase": "2019-01-11 04:42:00"}
{"customer_id": "C125", "basket": [{"product_id": "P43", "price": 1544}], "date_of_purchase": "2019-01-11 15:54:00"}
{"customer_id": "C126", "basket": [{"product_id": "P24", "price": 1230}, {"product_id": "P26", "price": 1384}], "date_of_purchase": "2019-01-11 04:21:00"}
{"customer_id": "C128", "basket": [{"product_id": "P39", "price": 1540}, {"product_id": "P38", "price": 1524}], "date_of_purchase": "2019-01-11 20:54:00"}
{"customer_id": "C130", "basket": [{"product_id": "P44", "price": 1472}, {"product_id": "P53", "price": 1309}], "date_of_purchase": "2019-01-11 10:55:00"}
{"customer_id": "C133", "basket": [{"product_id": "P56", "price": 94}], "date_of_purchase": "2019-01-11 19:10:00"}
