{"customer_id": "C7", "basket": [{"product_id": "P01", "price": 100}, {"product_id": "P02", "price": 126}], "date_of_purchase": "2018-12-05 11:50:00"}
{"customer_id": "C13", "basket": [{"product_id": "P28", "price": 867}, {"product_id": "P29", "price": 329}, {"product_id": "P29", "price": 1833}], "date_of_purchase": "2018-12-05 14:20:00"}
{"customer_id": "C18", "basket": [{"product_id": "P34", "price": 478}], "date_of_purchase": "2018-12-05 06:15:00"}
{"customer_id": "C21", "basket": [{"product_id": "P35", "price": 383}, {"product_id": "P35", "price": 388}], "date_of_purchase": "2018-12-05 13:07:00"}
{"customer_id": "C25", "basket": [{"product_id": "P38", "price": 507}, {"product_id": "P39", "price": 1828}, {"product_id": "P38", "price": 552}], "date_of_purchase": "2018-12-05 15:11:00"}
{"customer_id": "C31", "basket": [{"product_id": "P55", "price": 946}], "date_of_purchase": "2018-12-05 05:56:00"}
{"customer_id": "C35", "basket": [{"product_id": "P22", "price": 283}, {"product_id": "P33", "price": 1442}, {"product_id": "P25", "price": 574}], "date_of_purchase": "2018-12-05 04:45:00"}
{"customer_id": "C42", "basket": [{"product_id": "P24", "price": 1752}, {"product_id": "P27", "price": 1840}, {"product_id": "P22", "price": 1787}], "date_of_purchase": "2018-12-05 18:37:00"}
{"customer_id": "C45", "basket": [{"product_id": "P08", "price": 359}, {"product_id": "P11", "price": 1924}], "date_of_purchase": "2018-12-05 12:12:00"}
{"customer_id": "C52", "basket": [{"product_id": "P01", "price": 218}], "date_of_purchase": "2018-12-05 16:20:00"}
{"customer_id": "C60", "basket": [{"product_id": "P48", "price": 1281}], "date_of_purchase": "2018-12-05 20:36:00"}
{"customer_id": "C62", "basket": [{"product_id": "P02", "price": 1814}, {"product_id": "P07", "price": 456}], "date_of_purchase": "2018-12-05 07:28:00"}
{"customer_id": "C64", "basket": [{"product_id": "P24", "price": 605}, {"product_id": "P34", "price": 1769}], "date_of_purchase": "2018-12-05 21:29:00"}
{"customer_id": "C70", "basket": [{"product_id": "P36", "price": 1260}], "date_of_purchase": "2018-12-05 12:33:00"}
{"customer_id": "C73", "basket": [{"product_id": "P35", "price": 605}, {"product_id": "P40", "price": 328}], "date_of_purchase": "2018-12-05 19:33:00"}
{"customer_id": "C83", "basket": [{"product_id": "P56", "price": 1812}], "date_of_purchase": "2018-12-05 13:01:00"}
{"customer_id": "C86", "basket": [{"product_id": "P41", "price": 1356}], "date_of_purchase": "2018-12-05 16:08:00"}
{"customer_id": "C93", "basket": [{"product_id": "P33", "price": 114}, {"product_id": "P27", "price": 322}], "date_of_purchase": "2018-12-05 10:11:00"}
{"customer_id": "C100", "basket": [{"product_id": "P30", "price": 241}, {"product_id": "P22", "price": 1139}, {"product_id": "P24", "price": 918}], "date_of_purchase": "2018-12-05 14:35:00"}
{"customer_id": "C105", "basket": [{"product_id": "P41", "price": 309}], "date_of_purchase": "2018-12-05 13:13:00"}
{"customer_id": "C123", "basket": [{"product_id": "P45", "price": 1129}, {"product_id": "P49", "price": 1841}], "date_of_purchase": "2018-12-05 16:50:00"}
{"customer_id": "C130", "basket": [{"product_id": "P21", "price": 1240}], "date_of_purchase": "2018-12-05 21:43:00"}
{"customer_id": "C134", "basket": [{"product_id": "P63", "price": 797}, {"product_id": "P63", "price": 799}], "date_of_purchase": "2018-12-05 04:13:00"}
