{"customer_id": "C3", "basket": [{"product_id": "P37", "price": 1195}], "date_of_purchase": "2019-01-27 18:28:00"}
{"customer_id": "C11", "basket": [{"product_id": "P09", "price": 1736}, {"product_id": "P09", "price": 1314}], "date_of_purchase": "2019-01-27 05:11:00"}
{"customer_id": "C12", "basket": [{"product_id": "P22", "price": 318}, {"product_id": "P29", "price": 1941}], "date_of_purchase": "2019-01-27 11:05:00"}
{"customer_id": "C14", "basket": [{"product_id": "P64", "price": 646}, {"product_id": "P62", "price": 1562}], "date_of_purchase": "2019-01-27 13:34:00"}
{"customer_id": "C20", "basket": [{"product_id": "P54", "price": 1206}, {"product_id": "P44", "price": 1929}], "date_of_purchase": "2019-01-27 07:16:00"}
{"customer_id": "C26", "basket": [{"product_id": "P61", "price": 889}, {"product_id": "P63", "price": 1151}], "date_of_purchase": "2019-01-27 05:26:00"}
{"customer_id": "C34", "basket": [{"product_id": "P62", "price": 636}], "date_of_purchase": "2019-01-27 20:47:00"}
{"customer_id": "C53", "basket": [{"product_id": "P38", "price": 524}, {"product_id": "P39", "price": 1550}, {"product_id": "P35", "price": 1918}], "date_of_purchase": "2019-01-27 14:37:00"}
{"customer_id": "C84", "basket": [{"product_id": "P08", "price": 1463}, {"product_id": "P01", "price": 1027}, {"product_id": "P02", "price": 928}], "date_of_purchase": "2019-01-27 11:42:00"}
{"customer_id": "C96", "basket": [{"product_id": "P31", "price": 1594}, {"product_id": "P32", "price": 305}, {"product_id": "P29", "price": 688}], "date_of_purchase": "2019-01-27 06:57:00"}
{"customer_id": "C100", "basket": [{"product_id": "P06", "price": 188}, {"product_id": "P01", "price": 152}], "date_of_purchase": "2019-01-27 15:20:00"}
{"customer_id": "C101", "basket": [{"product_id": "P38", "price": 158}], "date_of_purchase": "2019-01-27 09:46:00"}
{"customer_id": "C104", "basket": [{"product_id": "P02", "price": 1699}, {"product_id": "P09", "price": 1215}], "date_of_purchase": "2019-01-27 07:23:00"}
{"customer_id": "C105", "basket": [{"product_id": "P23", "price": 1418}, {"product_id": "P25", "price": 380}, {"product_id": "P22", "price": 1786}], "date_of_purchase": "2019-01-27 05:51:00"}
{"customer_id": "C116", "basket": [{"product_id": "P36", "price": 461}, {"product_id": "P37", "price": 1284}, {"product_id": "P36", "price": 458}], "date_of_purchase": "2019-01-27 17:56:00"}
{"customer_id": "C137", "basket": [{"product_id": "P39", "price": 725}, {"product_id": "P39", "price": 1763}], "date_of_purchase": "2019-01-27 12:14:00"}
