{"customer_id": "C5", "basket": [{"product_id": "P29", "price": 890}], "date_of_purchase": "2019-01-08 14:37:00"}
{"customer_id": "C10", "basket": [{"product_id": "P64", "price": 1836}], "date_of_purchase": "2019-01-08 13:33:00"}
{"customer_id": "C22", "basket": [{"product_id": "P03", "price": 1621}, {"product_id": "P07", "price": 624}, {"product_id": "P12", "price": 1155}], "date_of_purchase": "2019-01-08 22:14:00"}
{"customer_id": "C40", "basket": [{"product_id": "P62", "price": 1705}], "date_of_purchase": "2019-01-08 05:52:00"}
{"customer_id": "C41", "basket": [{"product_id": "P45", "price": 4}], "date_of_purchase": "2019-01-08 10:48:00"}
{"customer_id": "C45", "basket": [{"product_id": "P27", "price": 131}, {"product_id": "P26", "price": 1578}, {"product_id": "P29", "price": 1303}], "date_of_purchase": "2019-01-08 04:54:00"}
{"customer_id": "C49", "basket": [{"product_id": "P03", "price": 121}, {"product_id": "P10", "price": 1407}], "date_of_purchase": "2019-01-08 07:03:00"}
{"customer_id": "C54", "basket": [{"product_id": "P31", "price": 909}], "date_of_purchase": "2019-01-08 17:03:00"}
{"customer_id": "C64", "basket": [{"product_id": "P23", "price": 829}, {"product_id": "P34", "price": 1222}], "date_of_purchase": "2019-01-08 15:48:00"}
{"customer_id": "C68", "basket": [{"product_id": "P11", "price": 1288}, {"product_id": "P05", "price": 646}], "date_of_purchase": "2019-01-08 17:41:00"}
{"customer_id": "C71", "basket": [{"product_id": "P50", "price": 1708}], "date_of_purchase": "2019-01-08 04:10:00"}
{"customer_id": "C77", "basket": [{"product_id": "P21", "price": 747}, {"product_id": "P17", "price": 1981}, {"product_id": "P14", "price": 1915}], "date_of_purchase": "2019-01-08 21:11:00"}
{"customer_id": "C79", "basket": [{"product_id": "P39", "price": 1587}, {"product_id": "P38", "price": 601}, {"product_id": "P36", "price": 32}], "date_of_purchase": "2019-01-08 20:46:00"}
{"customer_id": "C92", "basket": [{"product_id": "P37", "price": 1357}], "date_of_purchase": "2019-01-08 09:05:00"}
{"customer_id": "C95", "basket": [{"product_id": "P39", "price": 1369}, {"product_id": "P39", "price": 477}, {"product_id": "P36", "price": 1141}], "date_of_purchase": "2019-01-08 14:58:00"}
{"customer_id": "C97", "basket": [{"product_id": "P21", "price": 476}], "date_of_purchase": "2019-01-08 18:25:00"}
{"customer_id": "C99", "basket": [{"product_id": "P60", "price": 1236}], "date_of_purchase": "2019-01-08 10:54:00"}
{"customer_id": "C104", "basket": [{"product_id": "P01", "price": 210}, {"product_id": "P07", "price": 1857}, {"product_id": "P04", "price": 936}], "date_of_purchase": "2019-01-08 12:11:00"}
{"customer_id": "C111", "basket": [{"product_id": "P40", "price": 90}, {"product_id": "P40", "price": 1196}, {"product_id": "P40", "price": 1527}], "date_of_purchase": "2019-01-08 13:48:00"}
{"customer_id": "C122", "basket": [{"product_id": "P22", "price": 870}, {"product_id": "P24", "price": 156}, {"product_id": "P28", "price": 324}], "date_of_purchase": "2019-01-08 13:47:00"}
{"customer_id": "C124", "basket": [{"product_id": "P38", "price": 1215}, {"product_id": "P35", "price": 212}], "date_of_purchase": "2019-01-08 19:10:00"}
{"customer_id": "C130", "basket": [{"product_id": "P41", "price": 1283}, {"product_id": "P47", "price": 514}], "date_of_purchase": "2019-01-08 04:22:00"}
{"customer_id": "C134", "basket": [{"product_id": "P64", "price": 716}], "date_of_purchase": "2019-01-08 22:27:00"}
