{"customer_id": "C7", "basket": [{"product_id": "P39", "price": 555}, {"product_id": "P39", "price": 352}, {"product_id": "P38", "price": 412}], "date_of_purchase": "2019-02-06 09:33:00"}
{"customer_id": "C19", "basket": [{"product_id": "P62", "price": 244}, {"product_id": "P62", "price": 819}, {"product_id": "P61", "price": 310}], "date_of_purchase": "2019-02-06 20:27:00"}
{"customer_id": "C22", "basket": [{"product_id": "P10", "price": 1735}], "date_of_purchase": "2019-02-06 07:26:00"}
{"customer_id": "C24", "basket": [{"product_id": "P28", "price": 380}], "date_of_purchase": "2019-02-06 03:59:00"}
{"customer_id": "C25", "basket": [{"product_id": "P38", "price": 1440}, {"product_id": "P36", "price": 1113}, {"product_id": "P37", "price": 1605}], "date_of_purchase": "2019-02-06 06:32:00"}
{"customer_id": "C27", "basket": [{"product_id": "P61", "price": 1964}, {"product_id": "P62", "price": 1659}], "date_of_purchase": "2019-02-06 13:08:00"}
{"customer_id": "C28", "basket": [{"product_id": "P02", "price": 135}], "date_of_purchase": "2019-02-06 21:51:00"}
{"customer_id": "C35", "basket": [{"product_id": "P63", "price": 1018}, {"product_id": "P62", "price": 827}], "date_of_purchase": "2019-02-06 15:16:00"}
{"customer_id": "C55", "basket": [{"product_id": "P05", "price": 78}], "date_of_purchase": "2019-02-06 04:32:00"}
{"customer_id": "C56", "basket": [{"product_id": "P25", "price": 1151}], "date_of_purchase": "2019-02-06 10:23:00"}
{"customer_id": "C65", "basket": [{"product_id": "P37", "price": 918}, {"product_id": "P40", "price": 1442}], "date_of_purchase": "2019-02-06 03:02:00"}
{"customer_id": "C67", "basket": [{"product_id": "P63", "price": 1745}, {"product_id": "P64", "price": 794}, {"product_id": "P62", "price": 1141}], "date_of_purchase": "2019-02-06 04:15:00"}
{"customer_id": "C70", "basket": [{"product_id": "P39", "price": 1237}, {"product_id": "P39", "price": 409}, {"product_id": "P40", "price": 1531}], "date_of_purchase": "2019-02-06 23:01:00"}
{"customer_id": "C84", "basket": [{"product_id": "P39", "price": 581}], "date_of_purchase": "2019-02-06 16:41:00"}
{"customer_id": "C87", "basket": [{"product_id": "P38", "price": 441}, {"product_id": "P38", "price": 1647}], "date_of_purchase": "2019-02-06 04:48:00"}
{"customer_id": "C98", "basket": [{"product_id": "P39", "price": 1900}], "date_of_purchase": "2019-02-06 17:48:00"}
{"customer_id": "C99", "basket": [{"product_id": "P54", "price": 1730}], "date_of_purchase": "2019-02-06 18:29:00"}
{"customer_id": "C100", "basket": [{"product_id": "P06", "price": 679}], "date_of_purchase": "2019-02-06 08:53:00"}
{"customer_id": "C107", "basket": [{"product_id": "P37", "price": 1208}, {"product_id": "P35", "price": 973}], "date_of_purchase": "2019-02-06 14:02:00"}
{"customer_id": "C111", "basket": [{"product_id": "P06", "price": 616}, {"product_id": "P01", "price": 468}], "date_of_purchase": "2019-02-06 17:06:00"}
{"customer_id": "C121", "basket": [{"product_id": "P62", "price": 586}, {"product_id": "P61", "price": 1046}, {"product_id": "P61", "price": 867}], "date_of_purchase": "2019-02-06 08:43:00"}
{"customer_id": "C122", "basket": [{"product_id": "P29", "price": 1692}, {"product_id": "P28", "price": 1903}], "date_of_purchase": "2019-02-06 05:31:00"}
{"customer_id": "C134", "basket": [{"product_id": "P12", "price": 733}], "date_of_purchase": "2019-02-06 02:59:00"}
{"customer_id": "C137", "basket": [{"product_id": "P54", "price": 313}, {"product_id": "P43", "price": 1944}], "date_of_purchase": "2019-02-06 16:36:00"}
