{"customer_id": "C7", "basket": [{"product_id": "P38", "price": 1916}, {"product_id": "P40", "price": 1814}], "date_of_purchase": "2018-12-30 16:13:00"}
{"customer_id": "C11", "basket": [{"product_id": "P06", "price": 730}, {"product_id": "P09", "price": 3}], "date_of_purchase": "2018-12-30 11:37:00"}
{"customer_id": "C12", "basket": [{"product_id": "P29", "price": 694}, {"product_id": "P29", "price": 1580}, {"product_id": "P26", "price": 309}], "date_of_purchase": "2018-12-30 04:03:00"}
{"customer_id": "C13", "basket": [{"product_id": "P29", "price": 974}], "date_of_purchase": "2018-12-30 15:39:00"}
{"customer_id": "C18", "basket": [{"product_id": "P27", "price": 737}], "date_of_purchase": "2018-12-30 21:48:00"}
{"customer_id": "C23", "basket": [{"product_id": "P48", "price": 403}, {"product_id": "P54", "price": 197}], "date_of_purchase": "2018-12-30 09:23:00"}
{"customer_id": "C26", "basket": [{"product_id": "P10", "price": 1383}, {"product_id": "P01", "price": 1130}], "date_of_purchase": "2018-12-30 20:47:00"}
{"customer_id": "C27", "basket": [{"product_id": "P63", "price": 1799}, {"product_id": "P61", "price": 491}], "date_of_purchase": "2018-12-30 20:23:00"}
{"customer_id": "C30", "basket": [{"product_id": "P39", "price": 1597}, {"product_id": "P38", "price": 873}, {"product_id": "P37", "price": 845}], "date_of_purchase": "2018-12-30 04:45:00"}
{"customer_id": "C34", "basket": [{"product_id": "P04", "price": 1845}, {"product_id": "P04", "price": 1382}], "date_of_purchase": "2018-12-30 11:31:00"}
{"customer_id": "C49", "basket": [{"product_id": "P03", "price": 1608}], "date_of_purchase": "2018-12-30 15:47:00"}
{"customer_id": "C57", "basket": [{"product_id": "P57", "price": 364}, {"product_id": "P56", "price": 1530}, {"product_id": "P47", "price": 1437}], "date_of_purchase": "2018-12-30 04:35:00"}
{"customer_id": "C64", "basket": [{"product_id": "P31", "price": 1298}, {"product_id": "P33", "price": 1667}], "date_of_purchase": "2018-12-30 07:43:00"}
{"customer_id": "C65", "basket": [{"product_id": "P48", "price": 972}], "date_of_purchase": "2018-12-30 13:19:00"}
{"customer_id": "C67", "basket": [{"product_id": "P62", "price": 403}, {"product_id": "P62", "price": 987}], "date_of_purchase": "2018-12-30 11:21:00"}
{"customer_id": "C92", "basket": [{"product_id": "P34", "price": 1267}, {"product_id": "P24", "price": 1410}], "date_of_purchase": "2018-12-30 16:57:00"}
{"customer_id": "C102", "basket": [{"product_id": "P38", "price": 1288}, {"product_id": "P37", "price": 1122}, {"product_id": "P36", "price": 306}], "date_of_purchase": "2018-12-30 22:15:00"}
{"customer_id": "C104", "basket": [{"product_id": "P08", "price": 481}], "date_of_purchase": "2018-12-30 06:32:00"}
{"customer_id": "C109", "basket": [{"product_id": "P02", "price": 1109}, {"product_id": "P11", "price": 141}, {"product_id": "P03", "price": 1492}], "date_of_purchase": "2018-12-30 16:01:00"}
{"customer_id": "C116", "basket": [{"product_id": "P45", "price": 330}, {"product_id": "P51", "price": 1862}], "date_of_purchase": "2018-12-30 04:02:00"}
{"customer_id": "C126", "basket": [{"product_id": "P51", "price": 1430}], "date_of_purchase": "2018-12-30 22:50:00"}
{"customer_id": "C130", "basket": [{"product_id": "P34", "price": 70}, {"product_id": "P34", "price": 427}], "date_of_purchase": "2018-12-30 07:01:00"}
