{"customer_id": "C1", "basket": [{"product_id": "P38", "price": 12}, {"product_id": "P35", "price": 1567}, {"product_id": "P37", "price": 58}], "date_of_purchase": "2018-12-28 09:15:00"}
{"customer_id": "C5", "basket": [{"product_id": "P64", "price": 1596}, {"product_id": "P64", "price": 1013}, {"product_id": "P64", "price": 817}], "date_of_purchase": "2018-12-28 19:28:00"}
{"customer_id": "C15", "basket": [{"product_id": "P12", "price": 1839}, {"product_id": "P09", "price": 666}, {"product_id": "P05", "price": 777}], "date_of_purchase": "2018-12-28 17:50:00"}
{"customer_id": "C23", "basket": [{"product_id": "P62", "price": 1965}, {"product_id": "P64", "price": 1672}, {"product_id": "P61", "price": 911}], "date_of_purchase": "2018-12-28 05:15:00"}
{"customer_id": "C25", "basket": [{"product_id": "P31", "price": 496}], "date_of_purchase": "2018-12-28 14:12:00"}
{"customer_id": "C27", "basket": [{"product_id": "P64", "price": 1701}, {"product_id": "P61", "price": 737}], "date_of_purchase": "2018-12-28 13:36:00"}
{"customer_id": "C30", "basket": [{"product_id": "P39", "price": 451}, {"product_id": "P36", "price": 1731}], "date_of_purchase": "2018-12-28 03:30:00"}
{"customer_id": "C56", "basket": [{"product_id": "P23", "price": 1405}, {"product_id": "P32", "price": 519}], "date_of_purchase": "2018-12-28 19:29:00"}
{"customer_id": "C77", "basket": [{"product_id": "P22", "price": 1722}, {"product_id": "P32", "price": 1847}, {"product_id": "P32", "price": 1248}], "date_of_purchase": "2018-12-28 13:17:00"}
{"customer_id": "C80", "basket": [{"product_id": "P17", "price": 56}, {"product_id": "P17", "price": 1885}], "date_of_purchase": "2018-12-28 09:46:00"}
{"customer_id": "C82", "basket": [{"product_id": "P48", "price": 242}, {"product_id": "P46", "price": 303}], "date_of_purchase": "2018-12-28 04:50:00"}
{"customer_id": "C85", "basket": [{"product_id": "P63", "price": 1872}, {"product_id": "P62", "price": 1175}], "date_of_purchase": "2018-12-28 05:32:00"}
{"customer_id": "C86", "basket": [{"product_id": "P62", "price": 830}, {"product_id": "P63", "price": 1379}], "date_of_purchase": "2018-12-28 08:24:00"}
{"customer_id": "C91", "basket": [{"product_id": "P55", "price": 1287}], "date_of_purchase": "2018-12-28 10:18:00"}
{"customer_id": "C93", "basket": [{"product_id": "P12", "price": 1877}], "date_of_purchase": "2018-12-28 17:06:00"}
{"customer_id": "C95", "basket": [{"product_id": "P36", "price": 914}, {"product_id": "P39", "price": 1568}, {"product_id": "P37", "price": 1306}], "date_of_purchase": "2018-12-28 04:29:00"}
{"customer_id": "C116", "basket": [{"product_id": "P45", "price": 1535}, {"product_id": "P44", "price": 112}], "date_of_purchase": "2018-12-28 08:58:00"}
{"customer_id": "C120", "basket": [{"product_id": "P55", "price": 409}], "date_of_purchase": "2018-12-28 05:52:00"}
{"customer_id": "C122", "basket": [{"product_id": "P58", "price": 1321}, {"product_id": "P57", "price": 1587}, {"product_id": "P47", "price": 1730}], "date_of_purchase": "2018-12-28 20:14:00"}
{"customer_id": "C127", "basket": [{"product_id": "P39", "price": 522}], "date_of_purchase": "2018-12-28 18:46:00"}
{"customer_id": "C128", "basket": [{"product_id": "P37", "price": 917}, {"product_id": "P38", "price": 982}, {"product_id": "P35", "price": 716}], "date_of_purchase": "2018-12-28 06:44:00"}
{"customer_id": "C129", "basket": [{"product_id": "P23", "price": 1095}, {"product_id": "P30", "price": 856}], "date_of_purchase": "2018-12-28 03:40:00"}
{"customer_id": "C130", "basket": [{"product_id": "P34", "price": 1245}, {"product_id": "P25", "price": 273}], "date_of_purchase": "2018-12-28 09:37:00"}
{"customer_id": "C133", "basket": [{"product_id": "P37", "price": 89}, {"product_id": "P37", "price": 481}], "date_of_purchase": "2018-12-28 19:29:00"}
