{"customer_id": "C11", "basket": [{"product_id": "P25", "price": 972}, {"product_id": "P32", "price": 66}, {"product_id": "P28", "price": 192}], "date_of_purchase": "2019-01-03 07:12:00"}
{"customer_id": "C20", "basket": [{"product_id": "P51", "price": 800}], "date_of_purchase": "2019-01-03 13:21:00"}
{"customer_id": "C24", "basket": [{"product_id": "P27", "price": 133}, {"product_id": "P28", "price": 128}], "date_of_purchase": "2019-01-03 18:33:00"}
{"customer_id": "C30", "basket": [{"product_id": "P37", "price": 37}, {"product_id": "P37", "price": 1748}, {"product_id": "P35", "price": 1330}], "date_of_purchase": "2019-01-03 04:25:00"}
{"customer_id": "C33", "basket": [{"product_id": "P03", "price": 63}, {"product_id": "P12", "price": 884}, {"product_id": "P04", "price": 1827}], "date_of_purchase": "2019-01-03 20:52:00"}
{"customer_id": "C40", "basket": [{"product_id": "P11", "price": 643}, {"product_id": "P02", "price": 592}], "date_of_purchase": "2019-01-03 21:07:00"}
{"customer_id": "C61", "basket": [{"product_id": "P63", "price": 1912}], "date_of_purchase": "2019-01-03 10:27:00"}
{"customer_id": "C65", "basket": [{"product_id": "P36", "price": 174}, {"product_id": "P37", "price": 1014}, {"product_id": "P38", "price": 1929}], "date_of_purchase": "2019-01-03 18:21:00"}
{"customer_id": "C71", "basket": [{"product_id": "P54", "price": 1870}], "date_of_purchase": "2019-01-03 22:52:00"}
{"customer_id": "C78", "basket": [{"product_id": "P43", "price": 442}, {"product_id": "P46", "price": 416}], "date_of_purchase": "2019-01-03 03:19:00"}
{"customer_id": "C82", "basket": [{"product_id": "P36", "price": 745}, {"product_id": "P35", "price": 124}], "date_of_purchase": "2019-01-03 12:59:00"}
{"customer_id": "C85", "basket": [{"product_id": "P64", "price": 846}, {"product_id": "P64", "price": 548}, {"product_id": "P63", "price": 573}], "date_of_purchase": "2019-01-03 16:53:00"}
{"customer_id": "C90", "basket": [{"product_id": "P25", "price": 1190}, {"product_id": "P34", "price": 1669}, {"product_id": "P28", "price": 1097}], "date_of_purchase": "2019-01-03 04:12:00"}
{"customer_id": "C93", "basket": [{"product_id": "P23", "price": 549}, {"product_id": "P26", "price": 1067}], "date_of_purchase": "2019-01-03 21:57:00"}
{"customer_id": "C100", "basket": [{"product_id": "P06", "price": 491}], "date_of_purchase": "2019-01-03 14:20:00"}
{"customer_id": "C107", "basket": [{"product_id": "P11", "price": 659}, {"product_id": "P02", "price": 1464}, {"product_id": "P07", "price": 1382}], "date_of_purchase": "2019-01-03 23:17:00"}
{"customer_id": "C112", "basket": [{"product_id": "P09", "price": 913}, {"product_id": "P07", "price": 1533}], "date_of_purchase": "2019-01-03 10:47:00"}
{"customer_id": "C119", "basket": [{"product_id": "P38", "price": 1227}], "date_of_purchase": "2019-01-03 20:48:00"}
{"customer_id": "C120", "basket": [{"product_id": "P60", "price": 818}, {"product_id": "P55", "price": 1945}, {"product_id": "P50", "price": 836}], "date_of_purchase": "2019-01-03 13:49:00"}
{"customer_id": "C122", "basket": [{"product_id": "P60", "price": 1603}], "date_of_purchase": "2019-01-03 17:50:00"}
{"customer_id": "C130", "basket": [{"product_id": "P16", "price": 101}, {"product_id": "P15", "price": 413}, {"product_id": "P18", "price": 1649}], "date_of_purchase": "2019-01-03 20:12:00"}
{"customer_id": "C135", "basket": [{"product_id": "P61", "price": 416}, {"product_id": "P61", "price": 47}, {"product_id": "P63", "price": 1235}], "date_of_purchase": "2019-01-03 08:21:00"}
