{"customer_id": "C1", "basket": [{"product_id": "P11", "price": 1815}, {"product_id": "P05", "price": 1933}], "date_of_purchase": "2019-01-23 20:16:00"}
{"customer_id": "C3", "basket": [{"product_id": "P35", "price": 1784}, {"product_id": "P40", "price": 567}, {"product_id": "P35", "price": 906}], "date_of_purchase": "2019-01-23 23:27:00"}
{"customer_id": "C9", "basket": [{"product_id": "P39", "price": 1720}, {"product_id": "P39", "price": 764}], "date_of_purchase": "2019-01-23 12:22:00"}
{"customer_id": "C11", "basket": [{"product_id": "P09", "price": 1632}, {"product_id": "P11", "price": 1223}], "date_of_purchase": "2019-01-23 14:44:00"}
{"customer_id": "C17", "basket": [{"product_id": "P34", "price": 1908}, {"product_id": "P24", "price": 610}, {"product_id": "P31", "price": 1}], "date_of_purchase": "2019-01-23 12:02:00"}
{"customer_id": "C22", "basket": [{"product_id": "P42", "price": 1545}], "date_of_purchase": "2019-01-23 05:50:00"}
{"customer_id": "C23", "basket": [{"product_id": "P61", "price": 1855}, {"product_id": "P62", "price": 1988}, {"product_id": "P62", "price": 254}], "date_of_purchase": "2019-01-23 17:56:00"}
{"customer_id": "C30", "basket": [{"product_id": "P39", "price": 927}, {"product_id": "P40", "price": 1211}], "date_of_purchase": "2019-01-23 12:53:00"}
{"customer_id": "C32", "basket": [{"product_id": "P36", "price": 1538}, {"product_id": "P36", "price": 1902}], "date_of_purchase": "2019-01-23 09:01:00"}
{"customer_id": "C33", "basket": [{"product_id": "P08", "price": 673}], "date_of_purchase": "2019-01-23 22:02:00"}
{"customer_id": "C52", "basket": [{"product_id": "P08", "price": 687}, {"product_id": "P11", "price": 1888}, {"product_id": "P09", "price": 644}], "date_of_purchase": "2019-01-23 13:16:00"}
{"customer_id": "C65", "basket": [{"product_id": "P06", "price": 354}, {"product_id": "P10", "price": 1649}], "date_of_purchase": "2019-01-23 13:03:00"}
{"customer_id": "C69", "basket": [{"product_id": "P31", "price": 286}, {"product_id": "P28", "price": 1282}, {"product_id": "P30", "price": 1296}], "date_of_purchase": "2019-01-23 08:10:00"}
{"customer_id": "C70", "basket": [{"product_id": "P40", "price": 888}, {"product_id": "P40", "price": 901}], "date_of_purchase": "2019-01-23 07:11:00"}
{"customer_id": "C77", "basket": [{"product_id": "P08", "price": 839}, {"product_id": "P07", "price": 1178}], "date_of_purchase": "2019-01-23 22:39:00"}
{"customer_id": "C82", "basket": [{"product_id": "P41", "price": 1606}, {"product_id": "P44", "price": 1158}, {"product_id": "P51", "price": 1219}], "date_of_purchase": "2019-01-23 23:20:00"}
{"customer_id": "C91", "basket": [{"product_id": "P52", "price": 1297}, {"product_id": "P60", "price": 358}, {"product_id": "P42", "price": 1738}], "date_of_purchase": "2019-01-23 03:23:00"}
{"customer_id": "C106", "basket": [{"product_id": "P23", "price": 897}], "date_of_purchase": "2019-01-23 03:31:00"}
{"customer_id": "C111", "basket": [{"product_id": "P01", "price": 1786}, {"product_id": "P09", "price": 907}, {"product_id": "P07", "price": 1593}], "date_of_purchase": "2019-01-23 21:08:00"}
{"customer_id": "C118", "basket": [{"product_id": "P10", "price": 381}, {"product_id": "P01", "price": 1247}], "date_of_purchase": "2019-01-23 04:18:00"}
{"customer_id": "C119", "basket": [{"product_id": "P35", "price": 858}, {"product_id": "P40", "price": 191}], "date_of_purchase": "2019-01-23 06:10:00"}
{"customer_id": "C120", "basket": [{"product_id": "P50", "price": 441}, {"product_id": "P54", "price": 1582}], "date_of_purchase": "2019-01-23 04:44:00"}
{"customer_id": "C123", "basket": [{"product_id": "P48", "price": 418}, {"product_id": "P46", "price": 722}], "date_of_purchase": "2019-01-23 08:27:00"}
{"customer_id": "C135", "basket": [{"product_id": "P63", "price": 98}, {"product_id": "P61", "price": 831}, {"product_id": "P62", "price": 792}], "date_of_purchase": "2019-01-23 02:50:00"}
{"customer_id": "C137", "basket": [{"product_id": "P36", "price": 1469}, {"product_id": "P38", "price": 1484}], "date_of_purchase": "2019-01-23 20:57:00"}
