{"customer_id": "C4", "basket": [{"product_id": "P32", "price": 18}], "date_of_purchase": "2019-01-19 06:24:00"}
{"customer_id": "C7", "basket": [{"product_id": "P61", "price": 1938}, {"product_id": "P63", "price": 736}], "date_of_purchase": "2019-01-19 04:34:00"}
{"customer_id": "C11", "basket": [{"product_id": "P28", "price": 885}, {"product_id": "P28", "price": 527}], "date_of_purchase": "2019-01-19 09:02:00"}
{"customer_id": "C38", "basket": [{"product_id": "P11", "price": 119}, {"product_id": "P11", "price": 857}], "date_of_purchase": "2019-01-19 18:40:00"}
{"customer_id": "C42", "basket": [{"product_id": "P30", "price": 1678}], "date_of_purchase": "2019-01-19 02:51:00"}
{"customer_id": "C45", "basket": [{"product_id": "P33", "price": 1256}], "date_of_purchase": "2019-01-19 18:00:00"}
{"customer_id": "C53", "basket": [{"product_id": "P37", "price": 1432}, {"product_id": "P35", "price": 1921}, {"product_id": "P39", "price": 994}], "date_of_purchase": "2019-01-19 08:08:00"}
{"customer_id": "C54", "basket": [{"product_id": "P23", "price": 1613}, {"product_id": "P31", "price": 498}, {"product_id": "P23", "price": 1242}], "date_of_purchase": "2019-01-19 10:11:00"}
{"customer_id": "C64", "basket": [{"product_id": "P25", "price": 1616}, {"product_id": "P22", "price": 311}], "date_of_purchase": "2019-01-19 23:37:00"}
{"customer_id": "C67", "basket": [{"product_id": "P64", "price": 1086}], "date_of_purchase": "2019-01-19 13:42:00"}
{"customer_id": "C71", "basket": [{"product_id": "P47", "price": 1858}], "date_of_purchase": "2019-01-19 21:18:00"}
{"customer_id": "C77", "basket": [{"product_id": "P16", "price": 691}], "date_of_purchase": "2019-01-19 13:48:00"}
{"customer_id": "C79", "basket": [{"product_id": "P49", "price": 1716}, {"product_id": "P46", "price": 1287}], "date_of_purchase": "2019-01-19 15:11:00"}
{"customer_id": "C84", "basket": [{"product_id": "P63", "price": 141}, {"product_id": "P61", "price": 123}, {"product_id": "P62", "price": 371}], "date_of_purchase": "2019-01-19 13:55:00"}
{"customer_id": "C85", "basket": [{"product_id": "P33", "price": 672}, {"product_id": "P28", "price": 1206}], "date_of_purchase": "2019-01-19 08:58:00"}
{"customer_id": "C92", "basket": [{"product_id": "P04", "price": 537}, {"product_id": "P03", "price": 1810}], "date_of_purchase": "2019-01-19 18:13:00"}
{"customer_id": "C95", "basket": [{"product_id": "P35", "price": 1268}, {"product_id": "P39", "price": 290}, {"product_id": "P36", "price": 1670}], "date_of_purchase": "2019-01-19 07:53:00"}
{"customer_id": "C97", "basket": [{"product_id": "P15", "price": 862}, {"product_id": "P20", "price": 1397}], "date_of_purchase": "2019-01-19 07:56:00"}
{"customer_id": "C98", "basket": [{"product_id": "P37", "price": 98}, {"product_id": "P39", "price": 585}, {"product_id": "P35", "price": 432}], "date_of_purchase": "2019-01-19 11:14:00"}
{"customer_id": "C116", "basket": [{"product_id": "P58", "price": 562}], "date_of_purchase": "2019-01-19 20:34:00"}
{"customer_id": "C119", "basket": [{"product_id": "P35", "price": 1534}], "date_of_purchase": "2019-01-19 10:12:00"}
{"customer_id": "C123", "basket": [{"product_id": "P56", "price": 491}, {"product_id": "P45", "price": 778}], "date_of_purchase": "2019-01-19 12:11:00"}
{"customer_id": "C125", "basket": [{"product_id": "P34", "price": 274}, {"product_id": "P26", "price": 384}], "date_of_purchase": "2019-01-19 15:19:00"}
{"customer_id": "C130", "basket": [{"product_id": "P26", "price": 1622}, {"product_id": "P25", "price": 1140}, {"product_id": "P24", "price": 1040}], "date_of_purchase": "2019-01-19 23:18:00"}
