{"customer_id": "C32", "basket": [{"product_id": "P59", "price": 276}, {"product_id": "P45", "price": 936}, {"product_id": "P44", "price": 479}], "date_of_purchase": "2018-12-26 05:07:00"}
{"customer_id": "C51", "basket": [{"product_id": "P28", "price": 828}, {"product_id": "P29", "price": 1317}, {"product_id": "P31", "price": 221}], "date_of_purchase": "2018-12-26 14:34:00"}
{"customer_id": "C56", "basket": [{"product_id": "P34", "price": 725}, {"product_id": "P23", "price": 619}], "date_of_purchase": "2018-12-26 19:23:00"}
{"customer_id": "C64", "basket": [{"product_id": "P26", "price": 202}, {"product_id": "P29", "price": 1724}], "date_of_purchase": "2018-12-26 07:08:00"}
{"customer_id": "C73", "basket": [{"product_id": "P48", "price": 1137}, {"product_id": "P58", "price": 1278}, {"product_id": "P50", "price": 220}], "date_of_purchase": "2018-12-26 08:22:00"}
{"customer_id": "C84", "basket": [{"product_id": "P62", "price": 1436}, {"product_id": "P63", "price": 1481}, {"product_id": "P64", "price": 657}], "date_of_purchase": "2018-12-26 13:36:00"}
{"customer_id": "C86", "basket": [{"product_id": "P46", "price": 1100}, {"product_id": "P49", "price": 1085}, {"product_id": "P43", "price": 162}], "date_of_purchase": "2018-12-26 05:16:00"}
{"customer_id": "C90", "basket": [{"product_id": "P23", "price": 1371}, {"product_id": "P29", "price": 1811}], "date_of_purchase": "2018-12-26 08:03:00"}
{"customer_id": "C94", "basket": [{"product_id": "P30", "price": 1646}], "date_of_purchase": "2018-12-26 17:57:00"}
{"customer_id": "C116", "basket": [{"product_id": "P62", "price": 806}, {"product_id": "P64", "price": 921}, {"product_id": "P64", "price": 1322}], "date_of_purchase": "2018-12-26 19:53:00"}
{"customer_id": "C119", "basket": [{"product_id": "P37", "price": 453}, {"product_id": "P35", "price": 1574}], "date_of_purchase": "2018-12-26 07:29:00"}
{"customer_id": "C120", "basket": [{"product_id": "P55", "price": 828}, {"product_id": "P45", "price": 1449}, {"product_id": "P58", "price": 445}], "date_of_purchase": "2018-12-26 10:16:00"}
{"customer_id": "C123", "basket": [{"product_id": "P57", "price": 1006}], "date_of_purchase": "2018-12-26 22:27:00"}
{"customer_id": "C129", "basket": [{"product_id": "P33", "price": 755}, {"product_id": "P25", "price": 1499}], "date_of_purchase": "2018-12-26 18:48:00"}
{"customer_id": "C133", "basket": [{"product_id": "P58", "price": 986}, {"product_id": "P57", "price": 456}, {"product_id": "P59", "price": 1512}], "date_of_purchase": "2018-12-26 18:10:00"}
{"customer_id": "C137", "basket": [{"product_id": "P35", "price": 1890}], "date_of_purchase": "2018-12-26 20:14:00"}
