{"customer_id": "C5", "basket": [{"product_id": "P37", "price": 647}, {"product_id": "P37", "price": 69}, {"product_id": "P36", "price": 1074}], "date_of_purchase": "2019-03-01 06:20:00"}
{"customer_id": "C11", "basket": [{"product_id": "P08", "price": 1541}], "date_of_purchase": "2019-03-01 05:16:00"}
{"customer_id": "C18", "basket": [{"product_id": "P22", "price": 494}, {"product_id": "P22", "price": 1170}, {"product_id": "P22", "price": 635}], "date_of_purchase": "2019-03-01 07:51:00"}
{"customer_id": "C20", "basket": [{"product_id": "P49", "price": 893}], "date_of_purchase": "2019-03-01 12:36:00"}
{"customer_id": "C23", "basket": [{"product_id": "P24", "price": 128}, {"product_id": "P34", "price": 567}], "date_of_purchase": "2019-03-01 18:02:00"}
{"customer_id": "C26", "basket": [{"product_id": "P26", "price": 753}], "date_of_purchase": "2019-03-01 11:12:00"}
{"customer_id": "C36", "basket": [{"product_id": "P42", "price": 1490}], "date_of_purchase": "2019-03-01 10:41:00"}
{"customer_id": "C38", "basket": [{"product_id": "P40", "price": 290}, {"product_id": "P36", "price": 1409}, {"product_id": "P35", "price": 1253}], "date_of_purchase": "2019-03-01 08:13:00"}
{"customer_id": "C42", "basket": [{"product_id": "P29", "price": 1374}, {"product_id": "P33", "price": 397}], "date_of_purchase": "2019-03-01 05:28:00"}
{"customer_id": "C49", "basket": [{"product_id": "P36", "price": 434}, {"product_id": "P38", "price": 1413}, {"product_id": "P35", "price": 1618}], "date_of_purchase": "2019-03-01 10:41:00"}
{"customer_id": "C52", "basket": [{"product_id": "P04", "price": 1856}, {"product_id": "P05", "price": 217}, {"product_id": "P05", "price": 371}], "date_of_purchase": "2019-03-01 14:25:00"}
{"customer_id": "C53", "basket": [{"product_id": "P36", "price": 827}, {"product_id": "P38", "price": 495}, {"product_id": "P40", "price": 1127}], "date_of_purchase": "2019-03-01 08:55:00"}
{"customer_id": "C67", "basket": [{"product_id": "P47", "price": 1247}, {"product_id": "P50", "price": 973}], "date_of_purchase": "2019-03-01 14:36:00"}
{"customer_id": "C72", "basket": [{"product_id": "P10", "price": 1155}], "date_of_purchase": "2019-03-01 21:07:00"}
{"customer_id": "C75", "basket": [{"product_id": "P59", "price": 1806}, {"product_id": "P60", "price": 348}], "date_of_purchase": "2019-03-01 23:38:00"}
{"customer_id": "C86", "basket": [{"product_id": "P34", "price": 1914}, {"product_id": "P34", "price": 1524}], "date_of_purchase": "2019-03-01 06:58:00"}
{"customer_id": "C88", "basket": [{"product_id": "P33", "price": 185}, {"product_id": "P32", "price": 284}], "date_of_purchase": "2019-03-01 20:50:00"}
{"customer_id": "C91", "basket": [{"product_id": "P52", "price": 362}], "date_of_purchase": "2019-03-01 21:02:00"}
{"customer_id": "C97", "basket": [{"product_id": "P18", "price": 1404}], "date_of_purchase": "2019-03-01 03:26:00"}
{"customer_id": "C99", "basket": [{"product_id": "P54", "price": 1168}], "date_of_purchase": "2019-03-01 02:54:00"}
{"customer_id": "C100", "basket": [{"product_id": "P12", "price": 1276}, {"product_id": "P02", "price": 1017}], "date_of_purchase": "2019-03-01 06:36:00"}
{"customer_id": "C106", "basket": [{"product_id": "P17", "price": 1152}, {"product_id": "P14", "price": 1575}], "date_of_purchase": "2019-03-01 21:03:00"}
{"customer_id": "C118", "basket": [{"product_id": "P37", "price": 1301}], "date_of_purchase": "2019-03-01 06:57:00"}
{"customer_id": "C123", "basket": [{"product_id": "P52", "price": 1123}], "date_of_purchase": "2019-03-01 18:31:00"}
{"customer_id": "C131", "basket": [{"product_id": "P38", "price": 1722}], "date_of_purchase": "2019-03-01 07:53:00"}
