{"customer_id": "C14", "basket": [{"product_id": "P63", "price": 775}, {"product_id": "P62", "price": 451}, {"product_id": "P63", "price": 421}], "date_of_purchase": "2019-02-28 08:48:00"}
{"customer_id": "C18", "basket": [{"product_id": "P35", "price": 496}], "date_of_purchase": "2019-02-28 03:48:00"}
{"customer_id": "C21", "basket": [{"product_id": "P61", "price": 1847}, {"product_id": "P62", "price": 1908}, {"product_id": "P64", "price": 561}], "date_of_purchase": "2019-02-28 11:28:00"}
{"customer_id": "C22", "basket": [{"product_id": "P37", "price": 1865}, {"product_id": "P38", "price": 62}, {"product_id": "P38", "price": 1052}], "date_of_purchase": "2019-02-28 11:22:00"}
{"customer_id": "C23", "basket": [{"product_id": "P48", "price": 66}, {"product_id": "P50", "price": 1660}, {"product_id": "P55", "price": 1604}], "date_of_purchase": "2019-02-28 23:51:00"}
{"customer_id": "C30", "basket": [{"product_id": "P36", "price": 638}, {"product_id": "P40", "price": 810}, {"product_id": "P39", "price": 1347}], "date_of_purchase": "2019-02-28 03:15:00"}
{"customer_id": "C31", "basket": [{"product_id": "P40", "price": 1311}, {"product_id": "P38", "price": 1499}, {"product_id": "P36", "price": 210}], "date_of_purchase": "2019-02-28 06:27:00"}
{"customer_id": "C34", "basket": [{"product_id": "P22", "price": 619}, {"product_id": "P29", "price": 1467}, {"product_id": "P28", "price": 1507}], "date_of_purchase": "2019-02-28 05:34:00"}
{"customer_id": "C44", "basket": [{"product_id": "P33", "price": 1147}], "date_of_purchase": "2019-02-28 17:25:00"}
{"customer_id": "C46", "basket": [{"product_id": "P22", "price": 491}], "date_of_purchase": "2019-02-28 17:13:00"}
{"customer_id": "C47", "basket": [{"product_id": "P59", "price": 1834}], "date_of_purchase": "2019-02-28 21:25:00"}
{"customer_id": "C53", "basket": [{"product_id": "P34", "price": 1658}, {"product_id": "P27", "price": 293}, {"product_id": "P30", "price": 1001}], "date_of_purchase": "2019-02-28 18:20:00"}
{"customer_id": "C54", "basket": [{"product_id": "P40", "price": 440}], "date_of_purchase": "2019-02-28 04:58:00"}
{"customer_id": "C77", "basket": [{"product_id": "P14", "price": 669}], "date_of_purchase": "2019-02-28 05:06:00"}
{"customer_id": "C78", "basket": [{"product_id": "P37", "price": 1063}, {"product_id": "P35", "price": 239}], "date_of_purchase": "2019-02-28 18:25:00"}
{"customer_id": "C85", "basket": [{"product_id": "P53", "price": 385}, {"product_id": "P53", "price": 1046}], "date_of_purchase": "2019-02-28 19:00:00"}
{"customer_id": "C87", "basket": [{"product_id": "P39", "price": 1856}, {"product_id": "P37", "price": 1027}, {"product_id": "P40", "price": 1805}], "date_of_purchase": "2019-02-28 09:57:00"}
{"customer_id": "C88", "basket": [{"product_id": "P26", "price": 1085}, {"product_id": "P27", "price": 662}, {"product_id": "P31", "price": 1963}], "date_of_purchase": "2019-02-28 03:45:00"}
{"customer_id": "C98", "basket": [{"product_id": "P36", "price": 1297}], "date_of_purchase": "2019-02-28 19:44:00"}
{"customer_id": "C99", "basket": [{"product_id": "P48", "price": 1567}], "date_of_purchase": "2019-02-28 17:05:00"}
{"customer_id": "C114", "basket": [{"product_id": "P48", "price": 1979}, {"product_id": "P59", "price": 973}], "date_of_purchase": "2019-02-28 17:12:00"}
{"customer_id": "C118", "basket": [{"product_id": "P02", "price": 1001}, {"product_id": "P05", "price": 1903}, {"product_id": "P12", "price": 1212}], "date_of_purchase": "2019-02-28 14:02:00"}
{"customer_id": "C123", "basket": [{"product_id": "P41", "price": 22}], "date_of_purchase": "2019-02-28 12:33:00"}
{"customer_id": "C128", "basket": [{"product_id": "P39", "price": 1806}], "date_of_purchase": "2019-02-28 18:24:00"}
{"customer_id": "C135", "basket": [{"product_id": "P24", "price": 90}, {"product_id": "P23", "price": 141}], "date_of_purchase": "2019-02-28 13:24:00"}
