{"customer_id": "C11", "basket": [{"product_id": "P01", "price": 1902}, {"product_id": "P03", "price": 319}], "date_of_purchase": "2018-12-06 23:39:00"}
{"customer_id": "C13", "basket": [{"product_id": "P39", "price": 859}, {"product_id": "P35", "price": 648}], "date_of_purchase": "2018-12-06 20:37:00"}
{"customer_id": "C15", "basket": [{"product_id": "P33", "price": 418}, {"product_id": "P24", "price": 770}], "date_of_purchase": "2018-12-06 07:20:00"}
{"customer_id": "C23", "basket": [{"product_id": "P44", "price": 762}, {"product_id": "P54", "price": 848}], "date_of_purchase": "2018-12-06 17:56:00"}
{"customer_id": "C34", "basket": [{"product_id": "P41", "price": 1066}, {"product_id": "P52", "price": 241}, {"product_id": "P52", "price": 1656}], "date_of_purchase": "2018-12-06 04:57:00"}
{"customer_id": "C49", "basket": [{"product_id": "P07", "price": 1897}], "date_of_purchase": "2018-12-06 07:31:00"}
{"customer_id": "C52", "basket": [{"product_id": "P22", "price": 267}, {"product_id": "P27", "price": 498}], "date_of_purchase": "2018-12-06 07:32:00"}
{"customer_id": "C58", "basket": [{"product_id": "P36", "price": 1450}, {"product_id": "P36", "price": 1936}], "date_of_purchase": "2018-12-06 12:36:00"}
{"customer_id": "C60", "basket": [{"product_id": "P41", "price": 834}, {"product_id": "P51", "price": 384}, {"product_id": "P48", "price": 399}], "date_of_purchase": "2018-12-06 21:35:00"}
{"customer_id": "C65", "basket": [{"product_id": "P60", "price": 1136}, {"product_id": "P44", "price": 1353}], "date_of_purchase": "2018-12-06 23:10:00"}
{"customer_id": "C79", "basket": [{"product_id": "P40", "price": 908}, {"product_id": "P35", "price": 1731}, {"product_id": "P35", "price": 1377}], "date_of_purchase": "2018-12-06 06:28:00"}
{"customer_id": "C84", "basket": [{"product_id": "P04", "price": 209}, {"product_id": "P10", "price": 501}, {"product_id": "P05", "price": 240}], "date_of_purchase": "2018-12-06 12:04:00"}
{"customer_id": "C87", "basket": [{"product_id": "P37", "price": 496}], "date_of_purchase": "2018-12-06 13:50:00"}
{"customer_id": "C88", "basket": [{"product_id": "P30", "price": 406}, {"product_id": "P33", "price": 950}], "date_of_purchase": "2018-12-06 18:52:00"}
{"customer_id": "C91", "basket": [{"product_id": "P50", "price": 1081}, {"product_id": "P44", "price": 74}, {"product_id": "P44", "price": 573}], "date_of_purchase": "2018-12-06 03:53:00"}
{"customer_id": "C92", "basket": [{"product_id": "P36", "price": 130}, {"product_id": "P40", "price": 543}], "date_of_purchase": "2018-12-06 11:36:00"}
{"customer_id": "C93", "basket": [{"product_id": "P32", "price": 1114}], "date_of_purchase": "2018-12-06 08:39:00"}
{"customer_id": "C94", "basket": [{"product_id": "P22", "price": 122}, {"product_id": "P23", "price": 622}, {"product_id": "P32", "price": 1575}], "date_of_purchase": "2018-12-06 05:33:00"}
{"customer_id": "C97", "basket": [{"product_id": "P17", "price": 931}], "date_of_purchase": "2018-12-06 16:31:00"}
{"customer_id": "C100", "basket": [{"product_id": "P26", "price": 787}, {"product_id": "P25", "price": 520}, {"product_id": "P34", "price": 1430}], "date_of_purchase": "2018-12-06 09:34:00"}
{"customer_id": "C104", "basket": [{"product_id": "P16", "price": 1026}, {"product_id": "P19", "price": 100}, {"product_id": "P16", "price": 1362}], "date_of_purchase": "2018-12-06 16:57:00"}
{"customer_id": "C109", "basket": [{"product_id": "P46", "price": 1520}, {"product_id": "P50", "price": 440}, {"product_id": "P45", "price": 140}], "date_of_purchase": "2018-12-06 13:18:00"}
{"customer_id": "C119", "basket": [{"product_id": "P62", "price": 27}, {"product_id": "P62", "price": 952}], "date_of_purchase": "2018-12-06 04:25:00"}
{"customer_id": "C123", "basket": [{"product_id": "P41", "price": 258}, {"product_id": "P60", "price": 388}, {"product_id": "P59", "price": 1310}], "date_of_purchase": "2018-12-06 09:31:00"}
{"customer_id": "C128", "basket": [{"product_id": "P37", "price": 280}, {"product_id": "P35", "price": 1049}, {"product_id": "P39", "price": 409}], "date_of_purchase": "2018-12-06 14:50:00"}
{"customer_id": "C135", "basket": [{"product_id": "P33", "price": 1254}, {"product_id": "P24", "price": 65}, {"product_id": "P27", "price": 1254}], "date_of_purchase": "2018-12-06 07:43:00"}
{"customer_id": "C137", "basket": [{"product_id": "P41", "price": 328}, {"product_id": "P45", "price": 1419}, {"product_id": "P59", "price": 1469}], "date_of_purchase": "2018-12-06 06:46:00"}
