{"customer_id": "C14", "basket": [{"product_id": "P61", "price": 1515}, {"product_id": "P61", "price": 1719}, {"product_id": "P61", "price": 25}], "date_of_purchase": "2019-01-07 07:45:00"}
{"customer_id": "C15", "basket": [{"product_id": "P62", "price": 298}], "date_of_purchase": "2019-01-07 04:22:00"}
{"customer_id": "C23", "basket": [{"product_id": "P47", "price": 1116}, {"product_id": "P45", "price": 1283}, {"product_id": "P41", "price": 291}], "date_of_purchase": "2019-01-07 21:40:00"}
{"customer_id": "C27", "basket": [{"product_id": "P63", "price": 1784}, {"product_id": "P63", "price": 559}, {"product_id": "P61", "price": 42}], "date_of_purchase": "2019-01-07 04:15:00"}
{"customer_id": "C32", "basket": [{"product_id": "P27", "price": 1280}], "date_of_purchase": "2019-01-07 13:47:00"}
{"customer_id": "C34", "basket": [{"product_id": "P62", "price": 279}, {"product_id": "P61", "price": 689}, {"product_id": "P61", "price": 1590}], "date_of_purchase": "2019-01-07 22:49:00"}
{"customer_id": "C35", "basket": [{"product_id": "P62", "price": 125}], "date_of_purchase": "2019-01-07 11:50:00"}
{"customer_id": "C38", "basket": [{"product_id": "P03", "price": 983}], "date_of_purchase": "2019-01-07 04:51:00"}
{"customer_id": "C58", "basket": [{"product_id": "P50", "price": 287}, {"product_id": "P47", "price": 170}, {"product_id": "P53", "price": 1229}], "date_of_purchase": "2019-01-07 21:20:00"}
{"customer_id": "C68", "basket": [{"product_id": "P04", "price": 329}, {"product_id": "P11", "price": 105}, {"product_id": "P02", "price": 1563}], "date_of_purchase": "2019-01-07 21:53:00"}
{"customer_id": "C85", "basket": [{"product_id": "P35", "price": 588}], "date_of_purchase": "2019-01-07 10:11:00"}
{"customer_id": "C95", "basket": [{"product_id": "P37", "price": 36}, {"product_id": "P35", "price": 1033}], "date_of_purchase": "2019-01-07 19:42:00"}
{"customer_id": "C104", "basket": [{"product_id": "P44", "price": 72}, {"product_id": "P55", "price": 1212}, {"product_id": "P53", "price": 521}], "date_of_purchase": "2019-01-07 03:28:00"}
{"customer_id": "C109", "basket": [{"product_id": "P06", "price": 151}, {"product_id": "P03", "price": 42}], "date_of_purchase": "2019-01-07 22:10:00"}
{"customer_id": "C115", "basket": [{"product_id": "P37", "price": 94}, {"product_id": "P36", "price": 855}, {"product_id": "P35", "price": 348}], "date_of_purchase": "2019-01-07 21:49:00"}
{"customer_id": "C123", "basket": [{"product_id": "P52", "price": 912}, {"product_id": "P44", "price": 1090}], "date_of_purchase": "2019-01-07 04:37:00"}
{"customer_id": "C128", "basket": [{"product_id": "P36", "price": 1102}, {"product_id": "P37", "price": 1268}, {"product_id": "P35", "price": 1061}], "date_of_purchase": "2019-01-07 10:48:00"}
