{"customer_id": "C1", "basket": [{"product_id": "P43", "price": 937}, {"product_id": "P53", "price": 1793}], "date_of_purchase": "2019-01-31 03:28:00"}
{"customer_id": "C3", "basket": [{"product_id": "P40", "price": 802}, {"product_id": "P35", "price": 759}, {"product_id": "P35", "price": 87}], "date_of_purchase": "2019-01-31 04:27:00"}
{"customer_id": "C10", "basket": [{"product_id": "P64", "price": 1204}], "date_of_purchase": "2019-01-31 23:18:00"}
{"customer_id": "C15", "basket": [{"product_id": "P60", "price": 1832}], "date_of_purchase": "2019-01-31 09:55:00"}
{"customer_id": "C18", "basket": [{"product_id": "P36", "price": 1137}], "date_of_purchase": "2019-01-31 06:17:00"}
{"customer_id": "C22", "basket": [{"product_id": "P43", "price": 403}, {"product_id": "P56", "price": 1026}, {"product_id": "P56", "price": 871}], "date_of_purchase": "2019-01-31 11:55:00"}
{"customer_id": "C23", "basket": [{"product_id": "P63", "price": 337}], "date_of_purchase": "2019-01-31 14:29:00"}
{"customer_id": "C30", "basket": [{"product_id": "P38", "price": 1295}, {"product_id": "P35", "price": 1412}, {"product_id": "P38", "price": 473}], "date_of_purchase": "2019-01-31 04:16:00"}
{"customer_id": "C33", "basket": [{"product_id": "P28", "price": 1334}, {"product_id": "P34", "price": 25}, {"product_id": "P23", "price": 542}], "date_of_purchase": "2019-01-31 17:44:00"}
{"customer_id": "C37", "basket": [{"product_id": "P30", "price": 600}], "date_of_purchase": "2019-01-31 12:49:00"}
{"customer_id": "C43", "basket": [{"product_id": "P61", "price": 701}], "date_of_purchase": "2019-01-31 11:24:00"}
{"customer_id": "C45", "basket": [{"product_id": "P09", "price": 676}, {"product_id": "P11", "price": 1678}, {"product_id": "P08", "price": 615}], "date_of_purchase": "2019-01-31 23:57:00"}
{"customer_id": "C49", "basket": [{"product_id": "P04", "price": 369}, {"product_id": "P06", "price": 278}], "date_of_purchase": "2019-01-31 09:03:00"}
{"customer_id": "C51", "basket": [{"product_id": "P22", "price": 1516}, {"product_id": "P32", "price": 19}, {"product_id": "P28", "price": 1175}], "date_of_purchase": "2019-01-31 18:24:00"}
{"customer_id": "C53", "basket": [{"product_id": "P32", "price": 1179}], "date_of_purchase": "2019-01-31 10:26:00"}
{"customer_id": "C67", "basket": [{"product_id": "P61", "price": 714}], "date_of_purchase": "2019-01-31 18:26:00"}
{"customer_id": "C68", "basket": [{"product_id": "P10", "price": 565}], "date_of_purchase": "2019-01-31 04:30:00"}
{"customer_id": "C69", "basket": [{"product_id": "P22", "price": 1742}], "date_of_purchase": "2019-01-31 14:14:00"}
{"customer_id": "C71", "basket": [{"product_id": "P22", "price": 1316}, {"product_id": "P24", "price": 846}, {"product_id": "P23", "price": 1685}], "date_of_purchase": "2019-01-31 15:21:00"}
{"customer_id": "C75", "basket": [{"product_id": "P16", "price": 1940}, {"product_id": "P20", "price": 1336}, {"product_id": "P13", "price": 755}], "date_of_purchase": "2019-01-31 15:21:00"}
{"customer_id": "C84", "basket": [{"product_id": "P12", "price": 1153}, {"product_id": "P10", "price": 32}], "date_of_purchase": "2019-01-31 16:55:00"}
{"customer_id": "C85", "basket": [{"product_id": "P22", "price": 874}], "date_of_purchase": "2019-01-31 19:36:00"}
{"customer_id": "C88", "basket": [{"product_id": "P33", "price": 507}, {"product_id": "P26", "price": 1857}, {"product_id": "P31", "price": 1444}], "date_of_purchase": "2019-01-31 11:23:00"}
{"customer_id": "C90", "basket": [{"product_id": "P24", "price": 1928}, {"product_id": "P32", "price": 616}, {"product_id": "P28", "price": 1901}], "date_of_purchase": "2019-01-31 07:34:00"}
{"customer_id": "C92", "basket": [{"product_id": "P64", "price": 704}], "date_of_purchase": "2019-01-31 10:08:00"}
{"customer_id": "C97", "basket": [{"product_id": "P19", "price": 669}, {"product_id": "P17", "price": 614}], "date_of_purchase": "2019-01-31 10:30:00"}
{"customer_id": "C105", "basket": [{"product_id": "P36", "price": 395}, {"product_id": "P38", "price": 598}, {"product_id": "P38", "price": 150}], "date_of_purchase": "2019-01-31 10:22:00"}
{"customer_id": "C109", "basket": [{"product_id": "P04", "price": 1082}, {"product_id": "P11", "price": 647}], "date_of_purchase": "2019-01-31 19:17:00"}
{"customer_id": "C113", "basket": [{"product_id": "P50", "price": 1399}, {"product_id": "P49", "price": 1256}, {"product_id": "P46", "price": 1838}], "date_of_purchase": "2019-01-31 20:25:00"}
{"customer_id": "C117", "basket": [{"product_id": "P28", "price": 1652}, {"product_id": "P23", "price": 1180}, {"product_id": "P29", "price": 1038}], "date_of_purchase": "2019-01-31 11:24:00"}
{"customer_id": "C130", "basket": [{"product_id": "P34", "price": 803}], "date_of_purchase": "2019-01-31 20:17:00"}
