{"customer_id": "C11", "basket": [{"product_id": "P01", "price": 1118}, {"product_id": "P02", "price": 1242}, {"product_id": "P10", "price": 1398}], "date_of_purchase": "2018-12-04 02:56:00"}
{"customer_id": "C19", "basket": [{"product_id": "P62", "price": 708}], "date_of_purchase": "2018-12-04 16:36:00"}
{"customer_id": "C23", "basket": [{"product_id": "P60", "price": 269}], "date_of_purchase": "2018-12-04 20:57:00"}
{"customer_id": "C24", "basket": [{"product_id": "P34", "price": 1806}], "date_of_purchase": "2018-12-04 15:49:00"}
{"customer_id": "C26", "basket": [{"product_id": "P62", "price": 1442}], "date_of_purchase": "2018-12-04 16:19:00"}
{"customer_id": "C30", "basket": [{"product_id": "P38", "price": 742}, {"product_id": "P37", "price": 586}, {"product_id": "P35", "price": 776}], "date_of_purchase": "2018-12-04 17:41:00"}
{"customer_id": "C31", "basket": [{"product_id": "P54", "price": 332}], "date_of_purchase": "2018-12-04 16:00:00"}
{"customer_id": "C34", "basket": [{"product_id": "P52", "price": 1094}, {"product_id": "P50", "price": 899}, {"product_id": "P43", "price": 503}], "date_of_purchase": "2018-12-04 19:40:00"}
{"customer_id": "C45", "basket": [{"product_id": "P31", "price": 296}, {"product_id": "P23", "price": 104}, {"product_id": "P25", "price": 113}], "date_of_purchase": "2018-12-04 07:41:00"}
{"customer_id": "C47", "basket": [{"product_id": "P22", "price": 569}], "date_of_purchase": "2018-12-04 23:33:00"}
{"customer_id": "C48", "basket": [{"product_id": "P30", "price": 1888}], "date_of_purchase": "2018-12-04 13:47:00"}
{"customer_id": "C77", "basket": [{"product_id": "P26", "price": 1295}, {"product_id": "P24", "price": 801}, {"product_id": "P32", "price": 1373}], "date_of_purchase": "2018-12-04 06:27:00"}
{"customer_id": "C82", "basket": [{"product_id": "P35", "price": 1792}, {"product_id": "P37", "price": 1846}], "date_of_purchase": "2018-12-04 09:15:00"}
{"customer_id": "C84", "basket": [{"product_id": "P10", "price": 1682}, {"product_id": "P03", "price": 111}], "date_of_purchase": "2018-12-04 04:49:00"}
{"customer_id": "C87", "basket": [{"product_id": "P22", "price": 1876}], "date_of_purchase": "2018-12-04 15:23:00"}
{"customer_id": "C90", "basket": [{"product_id": "P31", "price": 1680}, {"product_id": "P24", "price": 1697}], "date_of_purchase": "2018-12-04 21:32:00"}
{"customer_id": "C92", "basket": [{"product_id": "P38", "price": 134}, {"product_id": "P37", "price": 1398}], "date_of_purchase": "2018-12-04 18:10:00"}
{"customer_id": "C104", "basket": [{"product_id": "P09", "price": 1704}, {"product_id": "P02", "price": 1346}], "date_of_purchase": "2018-12-04 08:54:00"}
{"customer_id": "C106", "basket": [{"product_id": "P64", "price": 306}, {"product_id": "P64", "price": 1844}, {"product_id": "P62", "price": 535}], "date_of_purchase": "2018-12-04 20:44:00"}
{"customer_id": "C109", "basket": [{"product_id": "P26", "price": 521}, {"product_id": "P28", "price": 1169}, {"product_id": "P24", "price": 1053}], "date_of_purchase": "2018-12-04 16:50:00"}
{"customer_id": "C115", "basket": [{"product_id": "P45", "price": 256}, {"product_id": "P42", "price": 1908}], "date_of_purchase": "2018-12-04 10:51:00"}
{"customer_id": "C121", "basket": [{"product_id": "P62", "price": 367}], "date_of_purchase": "2018-12-04 22:47:00"}
{"customer_id": "C136", "basket": [{"product_id": "P32", "price": 1724}, {"product_id": "P31", "price": 1708}, {"product_id": "P22", "price": 1778}], "date_of_purchase": "2018-12-04 21:52:00"}
