{"customer_id": "C1", "basket": [{"product_id": "P06", "price": 1160}, {"product_id": "P12", "price": 239}, {"product_id": "P08", "price": 1848}], "date_of_purchase": "2019-01-10 15:01:00"}
{"customer_id": "C6", "basket": [{"product_id": "P58", "price": 1983}, {"product_id": "P42", "price": 34}], "date_of_purchase": "2019-01-10 19:09:00"}
{"customer_id": "C7", "basket": [{"product_id": "P39", "price": 1619}], "date_of_purchase": "2019-01-10 11:45:00"}
{"customer_id": "C21", "basket": [{"product_id": "P62", "price": 1720}], "date_of_purchase": "2019-01-10 12:38:00"}
{"customer_id": "C29", "basket": [{"product_id": "P11", "price": 1401}, {"product_id": "P02", "price": 1745}, {"product_id": "P12", "price": 516}], "date_of_purchase": "2019-01-10 16:59:00"}
{"customer_id": "C30", "basket": [{"product_id": "P38", "price": 130}], "date_of_purchase": "2019-01-10 07:09:00"}
{"customer_id": "C35", "basket": [{"product_id": "P61", "price": 1504}], "date_of_purchase": "2019-01-10 13:13:00"}
{"customer_id": "C41", "basket": [{"product_id": "P50", "price": 864}, {"product_id": "P55", "price": 1678}, {"product_id": "P60", "price": 598}], "date_of_purchase": "2019-01-10 08:27:00"}
{"customer_id": "C42", "basket": [{"product_id": "P22", "price": 1784}, {"product_id": "P28", "price": 962}, {"product_id": "P26", "price": 665}], "date_of_purchase": "2019-01-10 18:24:00"}
{"customer_id": "C45", "basket": [{"product_id": "P29", "price": 912}, {"product_id": "P29", "price": 928}], "date_of_purchase": "2019-01-10 04:21:00"}
{"customer_id": "C47", "basket": [{"product_id": "P42", "price": 325}, {"product_id": "P49", "price": 1865}], "date_of_purchase": "2019-01-10 09:25:00"}
{"customer_id": "C50", "basket": [{"product_id": "P24", "price": 1413}], "date_of_purchase": "2019-01-10 15:27:00"}
{"customer_id": "C52", "basket": [{"product_id": "P11", "price": 990}], "date_of_purchase": "2019-01-10 06:54:00"}
{"customer_id": "C56", "basket": [{"product_id": "P26", "price": 1509}, {"product_id": "P32", "price": 1002}, {"product_id": "P31", "price": 31}], "date_of_purchase": "2019-01-10 23:03:00"}
{"customer_id": "C64", "basket": [{"product_id": "P29", "price": 682}, {"product_id": "P24", "price": 1407}], "date_of_purchase": "2019-01-10 18:02:00"}
{"customer_id": "C65", "basket": [{"product_id": "P50", "price": 58}, {"product_id": "P54", "price": 1185}], "date_of_purchase": "2019-01-10 08:38:00"}
{"customer_id": "C71", "basket": [{"product_id": "P52", "price": 510}, {"product_id": "P47", "price": 1389}], "date_of_purchase": "2019-01-10 04:17:00"}
{"customer_id": "C77", "basket": [{"product_id": "P21", "price": 1512}, {"product_id": "P16", "price": 1349}, {"product_id": "P18", "price": 506}], "date_of_purchase": "2019-01-10 23:47:00"}
{"customer_id": "C81", "basket": [{"product_id": "P49", "price": 684}], "date_of_purchase": "2019-01-10 22:42:00"}
{"customer_id": "C82", "basket": [{"product_id": "P35", "price": 514}, {"product_id": "P37", "price": 1170}], "date_of_purchase": "2019-01-10 12:07:00"}
{"customer_id": "C85", "basket": [{"product_id": "P22", "price": 615}], "date_of_purchase": "2019-01-10 15:07:00"}
{"customer_id": "C90", "basket": [{"product_id": "P33", "price": 518}], "date_of_purchase": "2019-01-10 11:49:00"}
{"customer_id": "C94", "basket": [{"product_id": "P24", "price": 155}], "date_of_purchase": "2019-01-10 14:56:00"}
{"customer_id": "C111", "basket": [{"product_id": "P10", "price": 1691}, {"product_id": "P06", "price": 1147}], "date_of_purchase": "2019-01-10 16:48:00"}
{"customer_id": "C129", "basket": [{"product_id": "P24", "price": 1735}], "date_of_purchase": "2019-01-10 15:54:00"}
