{"customer_id": "C2", "basket": [{"product_id": "P32", "price": 1550}], "date_of_purchase": "2019-01-18 20:30:00"}
{"customer_id": "C3", "basket": [{"product_id": "P36", "price": 1979}, {"product_id": "P37", "price": 407}], "date_of_purchase": "2019-01-18 11:47:00"}
{"customer_id": "C11", "basket": [{"product_id": "P07", "price": 499}], "date_of_purchase": "2019-01-18 07:17:00"}
{"customer_id": "C12", "basket": [{"product_id": "P37", "price": 569}, {"product_id": "P35", "price": 1421}, {"product_id": "P37", "price": 1004}], "date_of_purchase": "2019-01-18 02:52:00"}
{"customer_id": "C21", "basket": [{"product_id": "P38", "price": 643}, {"product_id": "P39", "price": 409}], "date_of_purchase": "2019-01-18 07:05:00"}
{"customer_id": "C30", "basket": [{"product_id": "P39", "price": 1472}], "date_of_purchase": "2019-01-18 20:53:00"}
{"customer_id": "C35", "basket": [{"product_id": "P61", "price": 264}, {"product_id": "P62", "price": 1668}], "date_of_purchase": "2019-01-18 16:30:00"}
{"customer_id": "C37", "basket": [{"product_id": "P29", "price": 564}, {"product_id": "P32", "price": 61}, {"product_id": "P22", "price": 811}], "date_of_purchase": "2019-01-18 09:56:00"}
{"customer_id": "C53", "basket": [{"product_id": "P39", "price": 637}], "date_of_purchase": "2019-01-18 12:11:00"}
{"customer_id": "C54", "basket": [{"product_id": "P30", "price": 1824}, {"product_id": "P31", "price": 627}], "date_of_purchase": "2019-01-18 12:05:00"}
{"customer_id": "C56", "basket": [{"product_id": "P22", "price": 38}], "date_of_purchase": "2019-01-18 06:04:00"}
{"customer_id": "C59", "basket": [{"product_id": "P24", "price": 733}], "date_of_purchase": "2019-01-18 17:07:00"}
{"customer_id": "C63", "basket": [{"product_id": "P37", "price": 1196}], "date_of_purchase": "2019-01-18 09:44:00"}
{"customer_id": "C64", "basket": [{"product_id": "P30", "price": 293}, {"product_id": "P24", "price": 1324}, {"product_id": "P34", "price": 667}], "date_of_purchase": "2019-01-18 05:36:00"}
{"customer_id": "C65", "basket": [{"product_id": "P09", "price": 332}, {"product_id": "P01", "price": 1411}], "date_of_purchase": "2019-01-18 23:38:00"}
{"customer_id": "C68", "basket": [{"product_id": "P39", "price": 1830}, {"product_id": "P38", "price": 576}, {"product_id": "P36", "price": 987}], "date_of_purchase": "2019-01-18 17:03:00"}
{"customer_id": "C69", "basket": [{"product_id": "P26", "price": 1178}, {"product_id": "P28", "price": 554}, {"product_id": "P24", "price": 983}], "date_of_purchase": "2019-01-18 07:54:00"}
{"customer_id": "C71", "basket": [{"product_id": "P51", "price": 1196}, {"product_id": "P47", "price": 1410}], "date_of_purchase": "2019-01-18 07:40:00"}
{"customer_id": "C77", "basket": [{"product_id": "P01", "price": 207}], "date_of_purchase": "2019-01-18 15:24:00"}
{"customer_id": "C91", "basket": [{"product_id": "P49", "price": 1838}, {"product_id": "P50", "price": 1918}], "date_of_purchase": "2019-01-18 10:30:00"}
{"customer_id": "C92", "basket": [{"product_id": "P30", "price": 1420}, {"product_id": "P24", "price": 117}, {"product_id": "P29", "price": 1058}], "date_of_purchase": "2019-01-18 21:28:00"}
{"customer_id": "C101", "basket": [{"product_id": "P35", "price": 1410}], "date_of_purchase": "2019-01-18 03:06:00"}
{"customer_id": "C113", "basket": [{"product_id": "P56", "price": 271}, {"product_id": "P45", "price": 41}], "date_of_purchase": "2019-01-18 09:51:00"}
{"customer_id": "C124", "basket": [{"product_id": "P37", "price": 951}], "date_of_purchase": "2019-01-18 14:33:00"}
