{"customer_id": "C15", "basket": [{"product_id": "P51", "price": 1635}, {"product_id": "P55", "price": 765}, {"product_id": "P48", "price": 1178}], "date_of_purchase": "2018-12-14 08:19:00"}
{"customer_id": "C19", "basket": [{"product_id": "P62", "price": 969}], "date_of_purchase": "2018-12-14 19:57:00"}
{"customer_id": "C24", "basket": [{"product_id": "P31", "price": 1756}], "date_of_purchase": "2018-12-14 22:27:00"}
{"customer_id": "C35", "basket": [{"product_id": "P61", "price": 32}, {"product_id": "P62", "price": 1061}, {"product_id": "P63", "price": 1180}], "date_of_purchase": "2018-12-14 21:53:00"}
{"customer_id": "C42", "basket": [{"product_id": "P28", "price": 1565}, {"product_id": "P23", "price": 355}, {"product_id": "P23", "price": 256}], "date_of_purchase": "2018-12-14 09:40:00"}
{"customer_id": "C43", "basket": [{"product_id": "P61", "price": 844}], "date_of_purchase": "2018-12-14 15:26:00"}
{"customer_id": "C50", "basket": [{"product_id": "P25", "price": 1537}, {"product_id": "P22", "price": 1610}, {"product_id": "P24", "price": 1905}], "date_of_purchase": "2018-12-14 15:52:00"}
{"customer_id": "C54", "basket": [{"product_id": "P04", "price": 794}], "date_of_purchase": "2018-12-14 21:49:00"}
{"customer_id": "C55", "basket": [{"product_id": "P58", "price": 653}, {"product_id": "P54", "price": 686}, {"product_id": "P57", "price": 826}], "date_of_purchase": "2018-12-14 20:31:00"}
{"customer_id": "C58", "basket": [{"product_id": "P38", "price": 1850}, {"product_id": "P37", "price": 1748}, {"product_id": "P36", "price": 449}], "date_of_purchase": "2018-12-14 10:21:00"}
{"customer_id": "C62", "basket": [{"product_id": "P43", "price": 1940}, {"product_id": "P58", "price": 1479}], "date_of_purchase": "2018-12-14 19:13:00"}
{"customer_id": "C64", "basket": [{"product_id": "P25", "price": 348}, {"product_id": "P27", "price": 1330}, {"product_id": "P29", "price": 1311}], "date_of_purchase": "2018-12-14 16:54:00"}
{"customer_id": "C70", "basket": [{"product_id": "P35", "price": 1864}, {"product_id": "P36", "price": 134}], "date_of_purchase": "2018-12-14 12:10:00"}
{"customer_id": "C71", "basket": [{"product_id": "P22", "price": 1931}], "date_of_purchase": "2018-12-14 20:37:00"}
{"customer_id": "C73", "basket": [{"product_id": "P36", "price": 1934}], "date_of_purchase": "2018-12-14 21:58:00"}
{"customer_id": "C85", "basket": [{"product_id": "P48", "price": 1301}, {"product_id": "P50", "price": 38}], "date_of_purchase": "2018-12-14 19:56:00"}
{"customer_id": "C86", "basket": [{"product_id": "P51", "price": 513}], "date_of_purchase": "2018-12-14 04:45:00"}
{"customer_id": "C96", "basket": [{"product_id": "P31", "price": 1944}, {"product_id": "P23", "price": 1138}, {"product_id": "P22", "price": 1802}], "date_of_purchase": "2018-12-14 14:04:00"}
{"customer_id": "C101", "basket": [{"product_id": "P39", "price": 1853}, {"product_id": "P38", "price": 1426}], "date_of_purchase": "2018-12-14 06:31:00"}
{"customer_id": "C112", "basket": [{"product_id": "P11", "price": 771}, {"product_id": "P12", "price": 1200}, {"product_id": "P07", "price": 870}], "date_of_purchase": "2018-12-14 17:13:00"}
{"customer_id": "C130", "basket": [{"product_id": "P13", "price": 1077}, {"product_id": "P20", "price": 503}], "date_of_purchase": "2018-12-14 21:34:00"}
{"customer_id": "C135", "basket": [{"product_id": "P27", "price": 1747}, {"product_id": "P33", "price": 673}, {"product_id": "P29", "price": 557}], "date_of_purchase": "2018-12-14 22:04:00"}
