{"customer_id": "C9", "basket": [{"product_id": "P35", "price": 944}, {"product_id": "P38", "price": 1792}, {"product_id": "P39", "price": 1853}], "date_of_purchase": "2018-12-21 06:29:00"}
{"customer_id": "C14", "basket": [{"product_id": "P22", "price": 805}, {"product_id": "P30", "price": 1340}], "date_of_purchase": "2018-12-21 17:33:00"}
{"customer_id": "C19", "basket": [{"product_id": "P63", "price": 198}, {"product_id": "P63", "price": 899}, {"product_id": "P63", "price": 790}], "date_of_purchase": "2018-12-21 23:31:00"}
{"customer_id": "C23", "basket": [{"product_id": "P28", "price": 698}], "date_of_purchase": "2018-12-21 14:33:00"}
{"customer_id": "C34", "basket": [{"product_id": "P26", "price": 63}], "date_of_purchase": "2018-12-21 21:54:00"}
{"customer_id": "C52", "basket": [{"product_id": "P04", "price": 444}], "date_of_purchase": "2018-12-21 08:45:00"}
{"customer_id": "C62", "basket": [{"product_id": "P32", "price": 287}, {"product_id": "P28", "price": 289}, {"product_id": "P27", "price": 1279}], "date_of_purchase": "2018-12-21 21:05:00"}
{"customer_id": "C68", "basket": [{"product_id": "P01", "price": 1707}, {"product_id": "P06", "price": 790}, {"product_id": "P11", "price": 883}], "date_of_purchase": "2018-12-21 04:44:00"}
{"customer_id": "C71", "basket": [{"product_id": "P49", "price": 1153}, {"product_id": "P53", "price": 228}, {"product_id": "P47", "price": 291}], "date_of_purchase": "2018-12-21 17:36:00"}
{"customer_id": "C73", "basket": [{"product_id": "P58", "price": 1236}, {"product_id": "P57", "price": 1549}, {"product_id": "P46", "price": 978}], "date_of_purchase": "2018-12-21 07:11:00"}
{"customer_id": "C79", "basket": [{"product_id": "P13", "price": 1465}, {"product_id": "P13", "price": 1669}], "date_of_purchase": "2018-12-21 08:58:00"}
{"customer_id": "C82", "basket": [{"product_id": "P60", "price": 1490}], "date_of_purchase": "2018-12-21 03:35:00"}
{"customer_id": "C99", "basket": [{"product_id": "P50", "price": 344}, {"product_id": "P47", "price": 1057}, {"product_id": "P44", "price": 1079}], "date_of_purchase": "2018-12-21 21:13:00"}
{"customer_id": "C103", "basket": [{"product_id": "P25", "price": 378}, {"product_id": "P33", "price": 503}], "date_of_purchase": "2018-12-21 18:31:00"}
{"customer_id": "C110", "basket": [{"product_id": "P47", "price": 288}], "date_of_purchase": "2018-12-21 21:36:00"}
{"customer_id": "C113", "basket": [{"product_id": "P06", "price": 1551}, {"product_id": "P09", "price": 1569}, {"product_id": "P05", "price": 1937}], "date_of_purchase": "2018-12-21 14:16:00"}
{"customer_id": "C116", "basket": [{"product_id": "P41", "price": 1768}, {"product_id": "P48", "price": 662}], "date_of_purchase": "2018-12-21 11:51:00"}
{"customer_id": "C117", "basket": [{"product_id": "P35", "price": 1039}, {"product_id": "P35", "price": 898}, {"product_id": "P39", "price": 1917}], "date_of_purchase": "2018-12-21 22:00:00"}
{"customer_id": "C119", "basket": [{"product_id": "P61", "price": 60}], "date_of_purchase": "2018-12-21 07:50:00"}
{"customer_id": "C122", "basket": [{"product_id": "P31", "price": 304}], "date_of_purchase": "2018-12-21 23:07:00"}
{"customer_id": "C126", "basket": [{"product_id": "P09", "price": 1513}, {"product_id": "P03", "price": 1104}, {"product_id": "P02", "price": 506}], "date_of_purchase": "2018-12-21 07:59:00"}
{"customer_id": "C130", "basket": [{"product_id": "P16", "price": 1017}, {"product_id": "P18", "price": 1106}, {"product_id": "P19", "price": 1191}], "date_of_purchase": "2018-12-21 14:53:00"}
{"customer_id": "C134", "basket": [{"product_id": "P46", "price": 1573}, {"product_id": "P45", "price": 1170}, {"product_id": "P51", "price": 728}], "date_of_purchase": "2018-12-21 06:55:00"}
