{"customer_id": "C1", "basket": [{"product_id": "P35", "price": 1182}], "date_of_purchase": "2019-02-08 12:37:00"}
{"customer_id": "C4", "basket": [{"product_id": "P26", "price": 1559}, {"product_id": "P33", "price": 988}, {"product_id": "P25", "price": 1850}], "date_of_purchase": "2019-02-08 04:43:00"}
{"customer_id": "C7", "basket": [{"product_id": "P09", "price": 754}, {"product_id": "P07", "price": 1707}, {"product_id": "P04", "price": 780}], "date_of_purchase": "2019-02-08 16:36:00"}
{"customer_id": "C12", "basket": [{"product_id": "P15", "price": 569}, {"product_id": "P16", "price": 1491}, {"product_id": "P21", "price": 524}], "date_of_purchase": "2019-02-08 16:33:00"}
{"customer_id": "C17", "basket": [{"product_id": "P37", "price": 65}], "date_of_purchase": "2019-02-08 14:28:00"}
{"customer_id": "C18", "basket": [{"product_id": "P29", "price": 1092}, {"product_id": "P25", "price": 554}], "date_of_purchase": "2019-02-08 21:28:00"}
{"customer_id": "C22", "basket": [{"product_id": "P40", "price": 522}], "date_of_purchase": "2019-02-08 17:04:00"}
{"customer_id": "C27", "basket": [{"product_id": "P64", "price": 679}, {"product_id": "P64", "price": 968}], "date_of_purchase": "2019-02-08 07:37:00"}
{"customer_id": "C31", "basket": [{"product_id": "P10", "price": 1497}, {"product_id": "P05", "price": 1878}, {"product_id": "P01", "price": 803}], "date_of_purchase": "2019-02-08 14:17:00"}
{"customer_id": "C35", "basket": [{"product_id": "P26", "price": 71}, {"product_id": "P30", "price": 52}], "date_of_purchase": "2019-02-08 10:30:00"}
{"customer_id": "C37", "basket": [{"product_id": "P27", "price": 705}, {"product_id": "P31", "price": 620}, {"product_id": "P31", "price": 1687}], "date_of_purchase": "2019-02-08 02:58:00"}
{"customer_id": "C38", "basket": [{"product_id": "P52", "price": 1360}, {"product_id": "P51", "price": 315}], "date_of_purchase": "2019-02-08 03:29:00"}
{"customer_id": "C43", "basket": [{"product_id": "P36", "price": 1128}], "date_of_purchase": "2019-02-08 05:05:00"}
{"customer_id": "C44", "basket": [{"product_id": "P35", "price": 113}, {"product_id": "P35", "price": 1445}, {"product_id": "P35", "price": 1728}], "date_of_purchase": "2019-02-08 11:01:00"}
{"customer_id": "C45", "basket": [{"product_id": "P24", "price": 1655}], "date_of_purchase": "2019-02-08 20:34:00"}
{"customer_id": "C51", "basket": [{"product_id": "P30", "price": 775}, {"product_id": "P32", "price": 919}, {"product_id": "P24", "price": 415}], "date_of_purchase": "2019-02-08 13:01:00"}
{"customer_id": "C53", "basket": [{"product_id": "P38", "price": 1589}], "date_of_purchase": "2019-02-08 02:59:00"}
{"customer_id": "C56", "basket": [{"product_id": "P23", "price": 1429}], "date_of_purchase": "2019-02-08 03:30:00"}
{"customer_id": "C82", "basket": [{"product_id": "P50", "price": 338}], "date_of_purchase": "2019-02-08 16:52:00"}
{"customer_id": "C87", "basket": [{"product_id": "P40", "price": 855}], "date_of_purchase": "2019-02-08 15:49:00"}
{"customer_id": "C117", "basket": [{"product_id": "P37", "price": 230}], "date_of_purchase": "2019-02-08 17:18:00"}
{"customer_id": "C119", "basket": [{"product_id": "P06", "price": 900}], "date_of_purchase": "2019-02-08 13:04:00"}
{"customer_id": "C120", "basket": [{"product_id": "P42", "price": 736}], "date_of_purchase": "2019-02-08 11:29:00"}
{"customer_id": "C128", "basket": [{"product_id": "P37", "price": 464}, {"product_id": "P36", "price": 1693}], "date_of_purchase": "2019-02-08 22:03:00"}
{"customer_id": "C130", "basket": [{"product_id": "P55", "price": 1259}, {"product_id": "P42", "price": 213}], "date_of_purchase": "2019-02-08 03:04:00"}
