{"customer_id": "C9", "basket": [{"product_id": "P53", "price": 326}], "date_of_purchase": "2019-02-26 11:21:00"}
{"customer_id": "C18", "basket": [{"product_id": "P34", "price": 868}, {"product_id": "P23", "price": 553}], "date_of_purchase": "2019-02-26 05:02:00"}
{"customer_id": "C20", "basket": [{"product_id": "P53", "price": 1941}, {"product_id": "P45", "price": 1430}, {"product_id": "P43", "price": 1845}], "date_of_purchase": "2019-02-26 05:56:00"}
{"customer_id": "C24", "basket": [{"product_id": "P23", "price": 1571}], "date_of_purchase": "2019-02-26 20:37:00"}
{"customer_id": "C26", "basket": [{"product_id": "P61", "price": 474}, {"product_id": "P61", "price": 626}, {"product_id": "P64", "price": 565}], "date_of_purchase": "2019-02-26 13:29:00"}
{"customer_id": "C33", "basket": [{"product_id": "P33", "price": 1836}, {"product_id": "P25", "price": 1809}], "date_of_purchase": "2019-02-26 09:06:00"}
{"customer_id": "C39", "basket": [{"product_id": "P32", "price": 1762}, {"product_id": "P25", "price": 407}], "date_of_purchase": "2019-02-26 07:05:00"}
{"customer_id": "C42", "basket": [{"product_id": "P33", "price": 1318}, {"product_id": "P33", "price": 10}, {"product_id": "P29", "price": 1966}], "date_of_purchase": "2019-02-26 11:35:00"}
{"customer_id": "C45", "basket": [{"product_id": "P45", "price": 1047}, {"product_id": "P45", "price": 1686}], "date_of_purchase": "2019-02-26 05:18:00"}
{"customer_id": "C52", "basket": [{"product_id": "P22", "price": 283}, {"product_id": "P25", "price": 1610}, {"product_id": "P33", "price": 1233}], "date_of_purchase": "2019-02-26 07:53:00"}
{"customer_id": "C59", "basket": [{"product_id": "P22", "price": 1200}], "date_of_purchase": "2019-02-26 10:12:00"}
{"customer_id": "C62", "basket": [{"product_id": "P05", "price": 1325}, {"product_id": "P06", "price": 597}], "date_of_purchase": "2019-02-26 05:13:00"}
{"customer_id": "C63", "basket": [{"product_id": "P35", "price": 175}, {"product_id": "P37", "price": 228}, {"product_id": "P36", "price": 710}], "date_of_purchase": "2019-02-26 18:01:00"}
{"customer_id": "C67", "basket": [{"product_id": "P64", "price": 1987}, {"product_id": "P61", "price": 1362}], "date_of_purchase": "2019-02-26 04:34:00"}
{"customer_id": "C85", "basket": [{"product_id": "P61", "price": 460}], "date_of_purchase": "2019-02-26 17:32:00"}
{"customer_id": "C89", "basket": [{"product_id": "P62", "price": 590}], "date_of_purchase": "2019-02-26 10:53:00"}
{"customer_id": "C91", "basket": [{"product_id": "P56", "price": 706}], "date_of_purchase": "2019-02-26 03:16:00"}
{"customer_id": "C93", "basket": [{"product_id": "P34", "price": 1996}], "date_of_purchase": "2019-02-26 11:36:00"}
{"customer_id": "C114", "basket": [{"product_id": "P05", "price": 939}, {"product_id": "P11", "price": 1859}, {"product_id": "P10", "price": 1739}], "date_of_purchase": "2019-02-26 04:20:00"}
{"customer_id": "C119", "basket": [{"product_id": "P62", "price": 553}, {"product_id": "P62", "price": 1894}], "date_of_purchase": "2019-02-26 19:19:00"}
{"customer_id": "C131", "basket": [{"product_id": "P40", "price": 1159}, {"product_id": "P40", "price": 1033}, {"product_id": "P35", "price": 1455}], "date_of_purchase": "2019-02-26 10:52:00"}
