{"customer_id": "C8", "basket": [{"product_id": "P35", "price": 1033}, {"product_id": "P36", "price": 1291}], "date_of_purchase": "2018-12-11 10:33:00"}
{"customer_id": "C15", "basket": [{"product_id": "P62", "price": 539}, {"product_id": "P64", "price": 1875}], "date_of_purchase": "2018-12-11 14:02:00"}
{"customer_id": "C18", "basket": [{"product_id": "P34", "price": 1334}, {"product_id": "P32", "price": 1230}], "date_of_purchase": "2018-12-11 03:25:00"}
{"customer_id": "C27", "basket": [{"product_id": "P62", "price": 1259}, {"product_id": "P61", "price": 925}], "date_of_purchase": "2018-12-11 20:13:00"}
{"customer_id": "C41", "basket": [{"product_id": "P45", "price": 1134}], "date_of_purchase": "2018-12-11 07:58:00"}
{"customer_id": "C42", "basket": [{"product_id": "P33", "price": 918}, {"product_id": "P23", "price": 33}], "date_of_purchase": "2018-12-11 13:13:00"}
{"customer_id": "C43", "basket": [{"product_id": "P62", "price": 1150}], "date_of_purchase": "2018-12-11 18:18:00"}
{"customer_id": "C50", "basket": [{"product_id": "P33", "price": 353}, {"product_id": "P31", "price": 1713}, {"product_id": "P28", "price": 1615}], "date_of_purchase": "2018-12-11 17:27:00"}
{"customer_id": "C61", "basket": [{"product_id": "P24", "price": 558}, {"product_id": "P24", "price": 762}], "date_of_purchase": "2018-12-11 10:44:00"}
{"customer_id": "C67", "basket": [{"product_id": "P64", "price": 718}, {"product_id": "P63", "price": 400}], "date_of_purchase": "2018-12-11 12:35:00"}
{"customer_id": "C69", "basket": [{"product_id": "P37", "price": 439}], "date_of_purchase": "2018-12-11 22:08:00"}
{"customer_id": "C83", "basket": [{"product_id": "P46", "price": 1289}], "date_of_purchase": "2018-12-11 17:27:00"}
{"customer_id": "C89", "basket": [{"product_id": "P61", "price": 1550}, {"product_id": "P61", "price": 738}, {"product_id": "P63", "price": 805}], "date_of_purchase": "2018-12-11 23:52:00"}
{"customer_id": "C90", "basket": [{"product_id": "P33", "price": 1210}, {"product_id": "P33", "price": 403}, {"product_id": "P29", "price": 1422}], "date_of_purchase": "2018-12-11 09:19:00"}
{"customer_id": "C91", "basket": [{"product_id": "P60", "price": 1816}, {"product_id": "P41", "price": 579}, {"product_id": "P56", "price": 958}], "date_of_purchase": "2018-12-11 13:05:00"}
{"customer_id": "C92", "basket": [{"product_id": "P12", "price": 455}, {"product_id": "P04", "price": 519}, {"product_id": "P04", "price": 578}], "date_of_purchase": "2018-12-11 12:29:00"}
{"customer_id": "C105", "basket": [{"product_id": "P61", "price": 1884}, {"product_id": "P64", "price": 1637}, {"product_id": "P62", "price": 953}], "date_of_purchase": "2018-12-11 20:21:00"}
{"customer_id": "C118", "basket": [{"product_id": "P11", "price": 1406}], "date_of_purchase": "2018-12-11 11:06:00"}
{"customer_id": "C120", "basket": [{"product_id": "P41", "price": 484}, {"product_id": "P46", "price": 198}, {"product_id": "P47", "price": 945}], "date_of_purchase": "2018-12-11 21:47:00"}
{"customer_id": "C121", "basket": [{"product_id": "P63", "price": 431}, {"product_id": "P61", "price": 1024}], "date_of_purchase": "2018-12-11 11:59:00"}
{"customer_id": "C123", "basket": [{"product_id": "P47", "price": 1601}, {"product_id": "P46", "price": 1245}, {"product_id": "P54", "price": 1238}], "date_of_purchase": "2018-12-11 07:18:00"}
{"customer_id": "C128", "basket": [{"product_id": "P38", "price": 1303}, {"product_id": "P38", "price": 1309}, {"product_id": "P39", "price": 111}], "date_of_purchase": "2018-12-11 14:49:00"}
{"customer_id": "C137", "basket": [{"product_id": "P40", "price": 1798}], "date_of_purchase": "2018-12-11 14:15:00"}
