{"customer_id": "C5", "basket": [{"product_id": "P22", "price": 171}, {"product_id": "P25", "price": 1855}], "date_of_purchase": "2019-01-14 10:04:00"}
{"customer_id": "C19", "basket": [{"product_id": "P64", "price": 930}], "date_of_purchase": "2019-01-14 08:50:00"}
{"customer_id": "C20", "basket": [{"product_id": "P41", "price": 668}, {"product_id": "P56", "price": 1602}], "date_of_purchase": "2019-01-14 05:15:00"}
{"customer_id": "C23", "basket": [{"product_id": "P47", "price": 926}], "date_of_purchase": "2019-01-14 07:00:00"}
{"customer_id": "C34", "basket": [{"product_id": "P64", "price": 820}], "date_of_purchase": "2019-01-14 09:43:00"}
{"customer_id": "C37", "basket": [{"product_id": "P27", "price": 1415}, {"product_id": "P29", "price": 51}], "date_of_purchase": "2019-01-14 22:13:00"}
{"customer_id": "C42", "basket": [{"product_id": "P26", "price": 235}, {"product_id": "P30", "price": 1137}, {"product_id": "P26", "price": 1523}], "date_of_purchase": "2019-01-14 22:25:00"}
{"customer_id": "C51", "basket": [{"product_id": "P31", "price": 1935}, {"product_id": "P22", "price": 403}, {"product_id": "P29", "price": 1700}], "date_of_purchase": "2019-01-14 17:45:00"}
{"customer_id": "C56", "basket": [{"product_id": "P31", "price": 1718}], "date_of_purchase": "2019-01-14 07:47:00"}
{"customer_id": "C61", "basket": [{"product_id": "P27", "price": 651}], "date_of_purchase": "2019-01-14 16:36:00"}
{"customer_id": "C64", "basket": [{"product_id": "P32", "price": 1930}, {"product_id": "P34", "price": 139}, {"product_id": "P22", "price": 926}], "date_of_purchase": "2019-01-14 06:15:00"}
{"customer_id": "C66", "basket": [{"product_id": "P05", "price": 1812}], "date_of_purchase": "2019-01-14 10:58:00"}
{"customer_id": "C67", "basket": [{"product_id": "P44", "price": 863}, {"product_id": "P41", "price": 1279}, {"product_id": "P45", "price": 1120}], "date_of_purchase": "2019-01-14 04:53:00"}
{"customer_id": "C71", "basket": [{"product_id": "P49", "price": 1475}, {"product_id": "P48", "price": 1832}], "date_of_purchase": "2019-01-14 19:01:00"}
{"customer_id": "C79", "basket": [{"product_id": "P58", "price": 678}], "date_of_purchase": "2019-01-14 11:15:00"}
{"customer_id": "C82", "basket": [{"product_id": "P35", "price": 570}, {"product_id": "P37", "price": 1982}, {"product_id": "P38", "price": 1046}], "date_of_purchase": "2019-01-14 10:38:00"}
{"customer_id": "C91", "basket": [{"product_id": "P50", "price": 1567}], "date_of_purchase": "2019-01-14 23:24:00"}
{"customer_id": "C98", "basket": [{"product_id": "P37", "price": 285}, {"product_id": "P37", "price": 789}, {"product_id": "P39", "price": 182}], "date_of_purchase": "2019-01-14 13:45:00"}
{"customer_id": "C99", "basket": [{"product_id": "P03", "price": 1234}, {"product_id": "P04", "price": 1565}], "date_of_purchase": "2019-01-14 18:49:00"}
{"customer_id": "C101", "basket": [{"product_id": "P36", "price": 79}], "date_of_purchase": "2019-01-14 12:50:00"}
{"customer_id": "C108", "basket": [{"product_id": "P27", "price": 1460}], "date_of_purchase": "2019-01-14 15:28:00"}
{"customer_id": "C116", "basket": [{"product_id": "P63", "price": 525}, {"product_id": "P62", "price": 1723}], "date_of_purchase": "2019-01-14 20:48:00"}
{"customer_id": "C137", "basket": [{"product_id": "P36", "price": 647}, {"product_id": "P39", "price": 1548}], "date_of_purchase": "2019-01-14 11:19:00"}
