{"customer_id": "C1", "basket": [{"product_id": "P10", "price": 1537}], "date_of_purchase": "2019-02-22 10:25:00"}
{"customer_id": "C2", "basket": [{"product_id": "P33", "price": 1969}], "date_of_purchase": "2019-02-22 07:06:00"}
{"customer_id": "C18", "basket": [{"product_id": "P30", "price": 411}, {"product_id": "P29", "price": 731}], "date_of_purchase": "2019-02-22 21:52:00"}
{"customer_id": "C20", "basket": [{"product_id": "P45", "price": 268}, {"product_id": "P52", "price": 1082}], "date_of_purchase": "2019-02-22 17:04:00"}
{"customer_id": "C23", "basket": [{"product_id": "P32", "price": 345}, {"product_id": "P30", "price": 385}], "date_of_purchase": "2019-02-22 23:20:00"}
{"customer_id": "C27", "basket": [{"product_id": "P64", "price": 405}], "date_of_purchase": "2019-02-22 03:59:00"}
{"customer_id": "C28", "basket": [{"product_id": "P09", "price": 779}, {"product_id": "P11", "price": 315}, {"product_id": "P05", "price": 561}], "date_of_purchase": "2019-02-22 07:13:00"}
{"customer_id": "C29", "basket": [{"product_id": "P09", "price": 1328}], "date_of_purchase": "2019-02-22 17:54:00"}
{"customer_id": "C30", "basket": [{"product_id": "P37", "price": 1044}], "date_of_purchase": "2019-02-22 18:49:00"}
{"customer_id": "C32", "basket": [{"product_id": "P26", "price": 295}, {"product_id": "P29", "price": 249}, {"product_id": "P24", "price": 848}], "date_of_purchase": "2019-02-22 17:18:00"}
{"customer_id": "C34", "basket": [{"product_id": "P33", "price": 1969}, {"product_id": "P27", "price": 182}], "date_of_purchase": "2019-02-22 23:03:00"}
{"customer_id": "C40", "basket": [{"product_id": "P60", "price": 1427}, {"product_id": "P47", "price": 107}], "date_of_purchase": "2019-02-22 09:21:00"}
{"customer_id": "C46", "basket": [{"product_id": "P22", "price": 1001}, {"product_id": "P25", "price": 869}], "date_of_purchase": "2019-02-22 09:38:00"}
{"customer_id": "C57", "basket": [{"product_id": "P63", "price": 1075}, {"product_id": "P61", "price": 123}, {"product_id": "P61", "price": 535}], "date_of_purchase": "2019-02-22 04:13:00"}
{"customer_id": "C59", "basket": [{"product_id": "P27", "price": 1590}, {"product_id": "P23", "price": 1426}, {"product_id": "P22", "price": 929}], "date_of_purchase": "2019-02-22 18:37:00"}
{"customer_id": "C64", "basket": [{"product_id": "P23", "price": 301}], "date_of_purchase": "2019-02-22 22:12:00"}
{"customer_id": "C65", "basket": [{"product_id": "P12", "price": 1340}], "date_of_purchase": "2019-02-22 15:34:00"}
{"customer_id": "C74", "basket": [{"product_id": "P58", "price": 1148}, {"product_id": "P44", "price": 492}], "date_of_purchase": "2019-02-22 06:41:00"}
{"customer_id": "C82", "basket": [{"product_id": "P56", "price": 1087}, {"product_id": "P45", "price": 174}], "date_of_purchase": "2019-02-22 11:48:00"}
{"customer_id": "C86", "basket": [{"product_id": "P31", "price": 433}, {"product_id": "P29", "price": 1710}, {"product_id": "P26", "price": 1028}], "date_of_purchase": "2019-02-22 17:46:00"}
{"customer_id": "C93", "basket": [{"product_id": "P27", "price": 1174}, {"product_id": "P28", "price": 1792}, {"product_id": "P24", "price": 1013}], "date_of_purchase": "2019-02-22 18:59:00"}
{"customer_id": "C112", "basket": [{"product_id": "P22", "price": 681}, {"product_id": "P30", "price": 901}, {"product_id": "P31", "price": 799}], "date_of_purchase": "2019-02-22 15:36:00"}
{"customer_id": "C120", "basket": [{"product_id": "P54", "price": 1846}, {"product_id": "P43", "price": 1631}], "date_of_purchase": "2019-02-22 17:13:00"}
{"customer_id": "C123", "basket": [{"product_id": "P48", "price": 303}, {"product_id": "P44", "price": 1089}], "date_of_purchase": "2019-02-22 08:54:00"}
{"customer_id": "C137", "basket": [{"product_id": "P37", "price": 1840}, {"product_id": "P40", "price": 211}], "date_of_purchase": "2019-02-22 13:55:00"}
