{"customer_id": "C18", "basket": [{"product_id": "P38", "price": 751}, {"product_id": "P37", "price": 414}, {"product_id": "P39", "price": 1651}], "date_of_purchase": "2019-02-18 22:21:00"}
{"customer_id": "C23", "basket": [{"product_id": "P63", "price": 1790}], "date_of_purchase": "2019-02-18 16:26:00"}
{"customer_id": "C24", "basket": [{"product_id": "P25", "price": 982}, {"product_id": "P28", "price": 1456}], "date_of_purchase": "2019-02-18 08:04:00"}
{"customer_id": "C26", "basket": [{"product_id": "P01", "price": 49}, {"product_id": "P10", "price": 751}, {"product_id": "P02", "price": 187}], "date_of_purchase": "2019-02-18 10:24:00"}
{"customer_id": "C27", "basket": [{"product_id": "P63", "price": 1454}, {"product_id": "P61", "price": 1697}, {"product_id": "P64", "price": 212}], "date_of_purchase": "2019-02-18 08:58:00"}
{"customer_id": "C49", "basket": [{"product_id": "P05", "price": 971}], "date_of_purchase": "2019-02-18 15:54:00"}
{"customer_id": "C54", "basket": [{"product_id": "P35", "price": 431}, {"product_id": "P36", "price": 1092}], "date_of_purchase": "2019-02-18 14:58:00"}
{"customer_id": "C72", "basket": [{"product_id": "P43", "price": 783}, {"product_id": "P52", "price": 1188}], "date_of_purchase": "2019-02-18 19:11:00"}
{"customer_id": "C85", "basket": [{"product_id": "P33", "price": 612}, {"product_id": "P26", "price": 1270}], "date_of_purchase": "2019-02-18 11:49:00"}
{"customer_id": "C91", "basket": [{"product_id": "P59", "price": 719}], "date_of_purchase": "2019-02-18 20:56:00"}
{"customer_id": "C93", "basket": [{"product_id": "P08", "price": 702}], "date_of_purchase": "2019-02-18 18:51:00"}
{"customer_id": "C99", "basket": [{"product_id": "P47", "price": 1221}, {"product_id": "P49", "price": 1958}], "date_of_purchase": "2019-02-18 20:24:00"}
{"customer_id": "C106", "basket": [{"product_id": "P52", "price": 1584}], "date_of_purchase": "2019-02-18 14:02:00"}
{"customer_id": "C109", "basket": [{"product_id": "P25", "price": 370}, {"product_id": "P22", "price": 464}, {"product_id": "P29", "price": 455}], "date_of_purchase": "2019-02-18 04:52:00"}
{"customer_id": "C116", "basket": [{"product_id": "P53", "price": 550}, {"product_id": "P55", "price": 583}, {"product_id": "P56", "price": 609}], "date_of_purchase": "2019-02-18 16:53:00"}
{"customer_id": "C123", "basket": [{"product_id": "P49", "price": 1314}, {"product_id": "P50", "price": 405}], "date_of_purchase": "2019-02-18 09:01:00"}
{"customer_id": "C130", "basket": [{"product_id": "P54", "price": 1259}, {"product_id": "P49", "price": 626}, {"product_id": "P42", "price": 1777}], "date_of_purchase": "2019-02-18 20:05:00"}
{"customer_id": "C137", "basket": [{"product_id": "P40", "price": 1499}], "date_of_purchase": "2019-02-18 04:22:00"}
