{"customer_id": "C4", "basket": [{"product_id": "P30", "price": 1747}], "date_of_purchase": "2019-01-26 07:55:00"}
{"customer_id": "C6", "basket": [{"product_id": "P11", "price": 278}, {"product_id": "P07", "price": 899}], "date_of_purchase": "2019-01-26 17:47:00"}
{"customer_id": "C10", "basket": [{"product_id": "P62", "price": 1396}, {"product_id": "P63", "price": 1632}], "date_of_purchase": "2019-01-26 18:58:00"}
{"customer_id": "C21", "basket": [{"product_id": "P61", "price": 1955}], "date_of_purchase": "2019-01-26 11:05:00"}
{"customer_id": "C30", "basket": [{"product_id": "P39", "price": 471}, {"product_id": "P39", "price": 1556}, {"product_id": "P40", "price": 1531}], "date_of_purchase": "2019-01-26 18:17:00"}
{"customer_id": "C38", "basket": [{"product_id": "P05", "price": 1906}, {"product_id": "P09", "price": 84}], "date_of_purchase": "2019-01-26 19:59:00"}
{"customer_id": "C50", "basket": [{"product_id": "P33", "price": 1187}], "date_of_purchase": "2019-01-26 04:16:00"}
{"customer_id": "C59", "basket": [{"product_id": "P25", "price": 1167}, {"product_id": "P22", "price": 1917}, {"product_id": "P32", "price": 1315}], "date_of_purchase": "2019-01-26 03:34:00"}
{"customer_id": "C67", "basket": [{"product_id": "P51", "price": 812}], "date_of_purchase": "2019-01-26 15:48:00"}
{"customer_id": "C71", "basket": [{"product_id": "P23", "price": 694}, {"product_id": "P23", "price": 846}], "date_of_purchase": "2019-01-26 17:11:00"}
{"customer_id": "C75", "basket": [{"product_id": "P45", "price": 970}], "date_of_purchase": "2019-01-26 03:21:00"}
{"customer_id": "C82", "basket": [{"product_id": "P57", "price": 871}], "date_of_purchase": "2019-01-26 20:47:00"}
{"customer_id": "C88", "basket": [{"product_id": "P23", "price": 1474}, {"product_id": "P34", "price": 170}, {"product_id": "P31", "price": 41}], "date_of_purchase": "2019-01-26 07:26:00"}
{"customer_id": "C89", "basket": [{"product_id": "P62", "price": 1429}], "date_of_purchase": "2019-01-26 06:54:00"}
{"customer_id": "C92", "basket": [{"product_id": "P12", "price": 21}, {"product_id": "P10", "price": 645}, {"product_id": "P07", "price": 1244}], "date_of_purchase": "2019-01-26 17:39:00"}
{"customer_id": "C93", "basket": [{"product_id": "P30", "price": 179}, {"product_id": "P32", "price": 529}, {"product_id": "P22", "price": 880}], "date_of_purchase": "2019-01-26 15:20:00"}
{"customer_id": "C95", "basket": [{"product_id": "P34", "price": 1823}], "date_of_purchase": "2019-01-26 04:22:00"}
{"customer_id": "C101", "basket": [{"product_id": "P36", "price": 1120}, {"product_id": "P37", "price": 149}, {"product_id": "P35", "price": 958}], "date_of_purchase": "2019-01-26 08:02:00"}
{"customer_id": "C107", "basket": [{"product_id": "P08", "price": 872}, {"product_id": "P08", "price": 1911}, {"product_id": "P01", "price": 293}], "date_of_purchase": "2019-01-26 22:07:00"}
{"customer_id": "C111", "basket": [{"product_id": "P01", "price": 961}, {"product_id": "P11", "price": 968}, {"product_id": "P08", "price": 590}], "date_of_purchase": "2019-01-26 19:08:00"}
{"customer_id": "C119", "basket": [{"product_id": "P24", "price": 1400}], "date_of_purchase": "2019-01-26 22:16:00"}
{"customer_id": "C120", "basket": [{"product_id": "P57", "price": 212}, {"product_id": "P51", "price": 1586}], "date_of_purchase": "2019-01-26 09:23:00"}
{"customer_id": "C122", "basket": [{"product_id": "P31", "price": 1024}], "date_of_purchase": "2019-01-26 10:33:00"}
{"customer_id": "C128", "basket": [{"product_id": "P40", "price": 194}, {"product_id": "P39", "price": 749}, {"product_id": "P38", "price": 1339}], "date_of_purchase": "2019-01-26 08:16:00"}
