{"customer_id": "C8", "basket": [{"product_id": "P22", "price": 606}, {"product_id": "P24", "price": 1630}, {"product_id": "P26", "price": 750}], "date_of_purchase": "2019-01-29 13:31:00"}
{"customer_id": "C9", "basket": [{"product_id": "P47", "price": 810}], "date_of_purchase": "2019-01-29 17:36:00"}
{"customer_id": "C11", "basket": [{"product_id": "P26", "price": 587}, {"product_id": "P24", "price": 239}], "date_of_purchase": "2019-01-29 11:43:00"}
{"customer_id": "C18", "basket": [{"product_id": "P37", "price": 1627}], "date_of_purchase": "2019-01-29 18:58:00"}
{"customer_id": "C19", "basket": [{"product_id": "P61", "price": 873}, {"product_id": "P63", "price": 1084}], "date_of_purchase": "2019-01-29 10:45:00"}
{"customer_id": "C21", "basket": [{"product_id": "P11", "price": 1787}, {"product_id": "P07", "price": 1386}, {"product_id": "P11", "price": 422}], "date_of_purchase": "2019-01-29 06:44:00"}
{"customer_id": "C22", "basket": [{"product_id": "P53", "price": 1028}, {"product_id": "P41", "price": 1167}, {"product_id": "P54", "price": 403}], "date_of_purchase": "2019-01-29 23:19:00"}
{"customer_id": "C26", "basket": [{"product_id": "P61", "price": 355}, {"product_id": "P64", "price": 1456}], "date_of_purchase": "2019-01-29 05:35:00"}
{"customer_id": "C42", "basket": [{"product_id": "P28", "price": 557}], "date_of_purchase": "2019-01-29 05:09:00"}
{"customer_id": "C47", "basket": [{"product_id": "P49", "price": 1141}, {"product_id": "P49", "price": 417}, {"product_id": "P60", "price": 439}], "date_of_purchase": "2019-01-29 12:14:00"}
{"customer_id": "C51", "basket": [{"product_id": "P41", "price": 9}], "date_of_purchase": "2019-01-29 22:51:00"}
{"customer_id": "C54", "basket": [{"product_id": "P26", "price": 1005}, {"product_id": "P30", "price": 642}, {"product_id": "P24", "price": 1260}], "date_of_purchase": "2019-01-29 19:17:00"}
{"customer_id": "C56", "basket": [{"product_id": "P33", "price": 1993}, {"product_id": "P34", "price": 839}], "date_of_purchase": "2019-01-29 06:31:00"}
{"customer_id": "C61", "basket": [{"product_id": "P22", "price": 196}], "date_of_purchase": "2019-01-29 04:34:00"}
{"customer_id": "C63", "basket": [{"product_id": "P61", "price": 450}, {"product_id": "P64", "price": 1928}, {"product_id": "P61", "price": 1745}], "date_of_purchase": "2019-01-29 07:31:00"}
{"customer_id": "C79", "basket": [{"product_id": "P18", "price": 259}], "date_of_purchase": "2019-01-29 14:28:00"}
{"customer_id": "C84", "basket": [{"product_id": "P37", "price": 602}, {"product_id": "P37", "price": 1588}, {"product_id": "P40", "price": 1873}], "date_of_purchase": "2019-01-29 13:40:00"}
{"customer_id": "C93", "basket": [{"product_id": "P03", "price": 851}, {"product_id": "P11", "price": 537}, {"product_id": "P06", "price": 1873}], "date_of_purchase": "2019-01-29 20:07:00"}
{"customer_id": "C101", "basket": [{"product_id": "P36", "price": 299}, {"product_id": "P40", "price": 320}, {"product_id": "P35", "price": 565}], "date_of_purchase": "2019-01-29 03:38:00"}
{"customer_id": "C110", "basket": [{"product_id": "P54", "price": 1356}, {"product_id": "P52", "price": 137}], "date_of_purchase": "2019-01-29 12:25:00"}
{"customer_id": "C116", "basket": [{"product_id": "P57", "price": 1381}, {"product_id": "P45", "price": 796}], "date_of_purchase": "2019-01-29 10:34:00"}
{"customer_id": "C117", "basket": [{"product_id": "P24", "price": 1090}, {"product_id": "P26", "price": 573}, {"product_id": "P25", "price": 496}], "date_of_purchase": "2019-01-29 06:35:00"}
{"customer_id": "C118", "basket": [{"product_id": "P24", "price": 1648}], "date_of_purchase": "2019-01-29 06:13:00"}
{"customer_id": "C119", "basket": [{"product_id": "P63", "price": 926}], "date_of_purchase": "2019-01-29 16:11:00"}
{"customer_id": "C120", "basket": [{"product_id": "P55", "price": 421}], "date_of_purchase": "2019-01-29 21:20:00"}
{"customer_id": "C123", "basket": [{"product_id": "P55", "price": 1504}, {"product_id": "P45", "price": 530}, {"product_id": "P52", "price": 2}], "date_of_purchase": "2019-01-29 04:12:00"}
{"customer_id": "C128", "basket": [{"product_id": "P36", "price": 1376}], "date_of_purchase": "2019-01-29 02:56:00"}
{"customer_id": "C136", "basket": [{"product_id": "P23", "price": 711}], "date_of_purchase": "2019-01-29 19:49:00"}
