{"customer_id": "C12", "basket": [{"product_id": "P64", "price": 886}, {"product_id": "P63", "price": 16}, {"product_id": "P61", "price": 6}], "date_of_purchase": "2019-02-03 10:41:00"}
{"customer_id": "C14", "basket": [{"product_id": "P26", "price": 1226}, {"product_id": "P30", "price": 1465}, {"product_id": "P27", "price": 159}], "date_of_purchase": "2019-02-03 08:41:00"}
{"customer_id": "C23", "basket": [{"product_id": "P28", "price": 494}], "date_of_purchase": "2019-02-03 06:54:00"}
{"customer_id": "C25", "basket": [{"product_id": "P39", "price": 1200}], "date_of_purchase": "2019-02-03 12:43:00"}
{"customer_id": "C26", "basket": [{"product_id": "P05", "price": 1969}, {"product_id": "P01", "price": 575}, {"product_id": "P04", "price": 559}], "date_of_purchase": "2019-02-03 10:00:00"}
{"customer_id": "C27", "basket": [{"product_id": "P62", "price": 703}], "date_of_purchase": "2019-02-03 17:01:00"}
{"customer_id": "C30", "basket": [{"product_id": "P40", "price": 747}, {"product_id": "P35", "price": 1865}], "date_of_purchase": "2019-02-03 11:03:00"}
{"customer_id": "C32", "basket": [{"product_id": "P38", "price": 1453}, {"product_id": "P36", "price": 288}, {"product_id": "P35", "price": 29}], "date_of_purchase": "2019-02-03 16:23:00"}
{"customer_id": "C34", "basket": [{"product_id": "P03", "price": 1842}, {"product_id": "P04", "price": 1709}], "date_of_purchase": "2019-02-03 13:38:00"}
{"customer_id": "C35", "basket": [{"product_id": "P64", "price": 1092}, {"product_id": "P61", "price": 1103}], "date_of_purchase": "2019-02-03 07:06:00"}
{"customer_id": "C41", "basket": [{"product_id": "P06", "price": 1042}, {"product_id": "P09", "price": 1620}, {"product_id": "P04", "price": 1500}], "date_of_purchase": "2019-02-03 07:44:00"}
{"customer_id": "C42", "basket": [{"product_id": "P25", "price": 439}, {"product_id": "P29", "price": 1044}, {"product_id": "P25", "price": 609}], "date_of_purchase": "2019-02-03 16:58:00"}
{"customer_id": "C43", "basket": [{"product_id": "P39", "price": 157}, {"product_id": "P40", "price": 612}], "date_of_purchase": "2019-02-03 04:11:00"}
{"customer_id": "C45", "basket": [{"product_id": "P27", "price": 590}, {"product_id": "P27", "price": 1065}, {"product_id": "P25", "price": 276}], "date_of_purchase": "2019-02-03 15:34:00"}
{"customer_id": "C47", "basket": [{"product_id": "P41", "price": 1100}, {"product_id": "P49", "price": 1555}], "date_of_purchase": "2019-02-03 18:37:00"}
{"customer_id": "C50", "basket": [{"product_id": "P29", "price": 1233}], "date_of_purchase": "2019-02-03 23:10:00"}
{"customer_id": "C64", "basket": [{"product_id": "P33", "price": 466}, {"product_id": "P30", "price": 1354}], "date_of_purchase": "2019-02-03 22:51:00"}
{"customer_id": "C74", "basket": [{"product_id": "P44", "price": 954}, {"product_id": "P60", "price": 747}, {"product_id": "P59", "price": 779}], "date_of_purchase": "2019-02-03 23:39:00"}
{"customer_id": "C82", "basket": [{"product_id": "P39", "price": 302}, {"product_id": "P40", "price": 57}], "date_of_purchase": "2019-02-03 15:01:00"}
{"customer_id": "C86", "basket": [{"product_id": "P52", "price": 1471}, {"product_id": "P49", "price": 909}, {"product_id": "P46", "price": 395}], "date_of_purchase": "2019-02-03 09:07:00"}
{"customer_id": "C88", "basket": [{"product_id": "P35", "price": 1707}, {"product_id": "P40", "price": 1474}, {"product_id": "P37", "price": 1478}], "date_of_purchase": "2019-02-03 05:28:00"}
{"customer_id": "C91", "basket": [{"product_id": "P46", "price": 1544}], "date_of_purchase": "2019-02-03 21:06:00"}
{"customer_id": "C93", "basket": [{"product_id": "P28", "price": 1878}, {"product_id": "P24", "price": 1533}], "date_of_purchase": "2019-02-03 08:43:00"}
{"customer_id": "C95", "basket": [{"product_id": "P47", "price": 775}, {"product_id": "P54", "price": 1142}, {"product_id": "P51", "price": 802}], "date_of_purchase": "2019-02-03 04:27:00"}
{"customer_id": "C100", "basket": [{"product_id": "P04", "price": 952}, {"product_id": "P06", "price": 1638}], "date_of_purchase": "2019-02-03 21:05:00"}
{"customer_id": "C102", "basket": [{"product_id": "P31", "price": 853}], "date_of_purchase": "2019-02-03 05:35:00"}
{"customer_id": "C106", "basket": [{"product_id": "P49", "price": 1053}], "date_of_purchase": "2019-02-03 14:19:00"}
{"customer_id": "C107", "basket": [{"product_id": "P39", "price": 869}, {"product_id": "P35", "price": 1778}], "date_of_purchase": "2019-02-03 12:41:00"}
{"customer_id": "C109", "basket": [{"product_id": "P55", "price": 1966}], "date_of_purchase": "2019-02-03 20:17:00"}
{"customer_id": "C115", "basket": [{"product_id": "P01", "price": 1666}], "date_of_purchase": "2019-02-03 07:23:00"}
{"customer_id": "C119", "basket": [{"product_id": "P63", "price": 127}], "date_of_purchase": "2019-02-03 20:41:00"}
{"customer_id": "C128", "basket": [{"product_id": "P37", "price": 254}, {"product_id": "P36", "price": 769}], "date_of_purchase": "2019-02-03 23:12:00"}
