{"customer_id": "C1", "basket": [{"product_id": "P06", "price": 971}, {"product_id": "P09", "price": 1594}, {"product_id": "P10", "price": 1777}], "date_of_purchase": "2018-12-29 23:59:00"}
{"customer_id": "C6", "basket": [{"product_id": "P18", "price": 280}, {"product_id": "P16", "price": 1552}, {"product_id": "P19", "price": 1303}], "date_of_purchase": "2018-12-29 19:18:00"}
{"customer_id": "C22", "basket": [{"product_id": "P46", "price": 1653}], "date_of_purchase": "2018-12-29 16:15:00"}
{"customer_id": "C23", "basket": [{"product_id": "P63", "price": 1831}, {"product_id": "P62", "price": 1770}, {"product_id": "P63", "price": 1257}], "date_of_purchase": "2018-12-29 21:17:00"}
{"customer_id": "C27", "basket": [{"product_id": "P61", "price": 1799}, {"product_id": "P61", "price": 157}, {"product_id": "P63", "price": 1305}], "date_of_purchase": "2018-12-29 21:07:00"}
{"customer_id": "C30", "basket": [{"product_id": "P36", "price": 821}, {"product_id": "P37", "price": 1597}], "date_of_purchase": "2018-12-29 18:35:00"}
{"customer_id": "C34", "basket": [{"product_id": "P34", "price": 642}, {"product_id": "P33", "price": 1059}], "date_of_purchase": "2018-12-29 14:41:00"}
{"customer_id": "C67", "basket": [{"product_id": "P64", "price": 729}, {"product_id": "P64", "price": 752}, {"product_id": "P62", "price": 1239}], "date_of_purchase": "2018-12-29 08:52:00"}
{"customer_id": "C68", "basket": [{"product_id": "P37", "price": 484}], "date_of_purchase": "2018-12-29 12:13:00"}
{"customer_id": "C69", "basket": [{"product_id": "P23", "price": 1527}, {"product_id": "P27", "price": 565}, {"product_id": "P28", "price": 906}], "date_of_purchase": "2018-12-29 03:04:00"}
{"customer_id": "C79", "basket": [{"product_id": "P49", "price": 752}, {"product_id": "P52", "price": 1316}, {"product_id": "P52", "price": 925}], "date_of_purchase": "2018-12-29 09:58:00"}
{"customer_id": "C82", "basket": [{"product_id": "P39", "price": 485}], "date_of_purchase": "2018-12-29 18:24:00"}
{"customer_id": "C85", "basket": [{"product_id": "P23", "price": 1927}], "date_of_purchase": "2018-12-29 16:49:00"}
{"customer_id": "C86", "basket": [{"product_id": "P55", "price": 1512}, {"product_id": "P59", "price": 103}, {"product_id": "P47", "price": 1816}], "date_of_purchase": "2018-12-29 11:56:00"}
{"customer_id": "C93", "basket": [{"product_id": "P28", "price": 1567}], "date_of_purchase": "2018-12-29 16:50:00"}
{"customer_id": "C100", "basket": [{"product_id": "P33", "price": 1189}, {"product_id": "P27", "price": 123}], "date_of_purchase": "2018-12-29 14:31:00"}
{"customer_id": "C102", "basket": [{"product_id": "P38", "price": 682}], "date_of_purchase": "2018-12-29 06:47:00"}
{"customer_id": "C103", "basket": [{"product_id": "P31", "price": 260}], "date_of_purchase": "2018-12-29 08:17:00"}
{"customer_id": "C106", "basket": [{"product_id": "P25", "price": 706}, {"product_id": "P29", "price": 1252}, {"product_id": "P31", "price": 536}], "date_of_purchase": "2018-12-29 20:50:00"}
{"customer_id": "C107", "basket": [{"product_id": "P40", "price": 1388}, {"product_id": "P35", "price": 1474}], "date_of_purchase": "2018-12-29 02:57:00"}
{"customer_id": "C122", "basket": [{"product_id": "P27", "price": 1039}, {"product_id": "P34", "price": 276}, {"product_id": "P28", "price": 1067}], "date_of_purchase": "2018-12-29 08:25:00"}
{"customer_id": "C130", "basket": [{"product_id": "P34", "price": 1055}], "date_of_purchase": "2018-12-29 05:01:00"}
