{"customer_id": "C3", "basket": [{"product_id": "P54", "price": 1381}, {"product_id": "P59", "price": 1845}, {"product_id": "P46", "price": 548}], "date_of_purchase": "2019-02-24 04:52:00"}
{"customer_id": "C7", "basket": [{"product_id": "P52", "price": 138}], "date_of_purchase": "2019-02-24 06:36:00"}
{"customer_id": "C12", "basket": [{"product_id": "P54", "price": 1289}], "date_of_purchase": "2019-02-24 13:14:00"}
{"customer_id": "C14", "basket": [{"product_id": "P62", "price": 814}], "date_of_purchase": "2019-02-24 06:45:00"}
{"customer_id": "C15", "basket": [{"product_id": "P64", "price": 1831}], "date_of_purchase": "2019-02-24 20:58:00"}
{"customer_id": "C20", "basket": [{"product_id": "P47", "price": 544}, {"product_id": "P50", "price": 1223}], "date_of_purchase": "2019-02-24 09:41:00"}
{"customer_id": "C23", "basket": [{"product_id": "P44", "price": 219}, {"product_id": "P54", "price": 702}], "date_of_purchase": "2019-02-24 10:06:00"}
{"customer_id": "C25", "basket": [{"product_id": "P31", "price": 19}, {"product_id": "P22", "price": 461}, {"product_id": "P23", "price": 522}], "date_of_purchase": "2019-02-24 05:50:00"}
{"customer_id": "C31", "basket": [{"product_id": "P36", "price": 1976}], "date_of_purchase": "2019-02-24 06:53:00"}
{"customer_id": "C32", "basket": [{"product_id": "P59", "price": 1691}], "date_of_purchase": "2019-02-24 20:53:00"}
{"customer_id": "C34", "basket": [{"product_id": "P33", "price": 652}], "date_of_purchase": "2019-02-24 19:12:00"}
{"customer_id": "C35", "basket": [{"product_id": "P64", "price": 491}, {"product_id": "P61", "price": 1113}, {"product_id": "P61", "price": 606}], "date_of_purchase": "2019-02-24 06:19:00"}
{"customer_id": "C43", "basket": [{"product_id": "P37", "price": 1042}], "date_of_purchase": "2019-02-24 22:03:00"}
{"customer_id": "C47", "basket": [{"product_id": "P22", "price": 725}, {"product_id": "P33", "price": 525}], "date_of_purchase": "2019-02-24 05:24:00"}
{"customer_id": "C51", "basket": [{"product_id": "P27", "price": 504}, {"product_id": "P34", "price": 1252}, {"product_id": "P28", "price": 1058}], "date_of_purchase": "2019-02-24 17:27:00"}
{"customer_id": "C52", "basket": [{"product_id": "P24", "price": 1899}, {"product_id": "P30", "price": 1892}, {"product_id": "P28", "price": 946}], "date_of_purchase": "2019-02-24 03:56:00"}
{"customer_id": "C53", "basket": [{"product_id": "P27", "price": 1274}, {"product_id": "P34", "price": 703}], "date_of_purchase": "2019-02-24 19:20:00"}
{"customer_id": "C58", "basket": [{"product_id": "P38", "price": 1446}], "date_of_purchase": "2019-02-24 19:34:00"}
{"customer_id": "C61", "basket": [{"product_id": "P28", "price": 1443}, {"product_id": "P31", "price": 1371}, {"product_id": "P23", "price": 1641}], "date_of_purchase": "2019-02-24 22:39:00"}
{"customer_id": "C66", "basket": [{"product_id": "P28", "price": 792}], "date_of_purchase": "2019-02-24 11:47:00"}
{"customer_id": "C71", "basket": [{"product_id": "P43", "price": 270}, {"product_id": "P50", "price": 1641}, {"product_id": "P48", "price": 1223}], "date_of_purchase": "2019-02-24 23:15:00"}
{"customer_id": "C100", "basket": [{"product_id": "P23", "price": 903}, {"product_id": "P30", "price": 1761}, {"product_id": "P23", "price": 1580}], "date_of_purchase": "2019-02-24 13:39:00"}
{"customer_id": "C103", "basket": [{"product_id": "P27", "price": 473}, {"product_id": "P29", "price": 931}, {"product_id": "P29", "price": 1982}], "date_of_purchase": "2019-02-24 23:16:00"}
{"customer_id": "C108", "basket": [{"product_id": "P37", "price": 91}, {"product_id": "P35", "price": 1763}, {"product_id": "P36", "price": 1727}], "date_of_purchase": "2019-02-24 10:04:00"}
{"customer_id": "C115", "basket": [{"product_id": "P31", "price": 245}, {"product_id": "P23", "price": 379}, {"product_id": "P22", "price": 1250}], "date_of_purchase": "2019-02-24 21:05:00"}
{"customer_id": "C116", "basket": [{"product_id": "P48", "price": 157}, {"product_id": "P55", "price": 93}, {"product_id": "P44", "price": 334}], "date_of_purchase": "2019-02-24 18:58:00"}
{"customer_id": "C126", "basket": [{"product_id": "P05", "price": 1373}, {"product_id": "P11", "price": 158}, {"product_id": "P01", "price": 192}], "date_of_purchase": "2019-02-24 09:21:00"}
{"customer_id": "C137", "basket": [{"product_id": "P46", "price": 951}], "date_of_purchase": "2019-02-24 15:11:00"}
