{"customer_id": "C1", "basket": [{"product_id": "P43", "price": 481}, {"product_id": "P59", "price": 1493}, {"product_id": "P45", "price": 1748}], "date_of_purchase": "2019-02-07 22:38:00"}
{"customer_id": "C19", "basket": [{"product_id": "P61", "price": 432}], "date_of_purchase": "2019-02-07 15:07:00"}
{"customer_id": "C23", "basket": [{"product_id": "P32", "price": 410}], "date_of_purchase": "2019-02-07 05:50:00"}
{"customer_id": "C24", "basket": [{"product_id": "P33", "price": 831}, {"product_id": "P22", "price": 1124}], "date_of_purchase": "2019-02-07 19:26:00"}
{"customer_id": "C27", "basket": [{"product_id": "P64", "price": 319}, {"product_id": "P63", "price": 1836}, {"product_id": "P62", "price": 66}], "date_of_purchase": "2019-02-07 12:34:00"}
{"customer_id": "C29", "basket": [{"product_id": "P43", "price": 598}, {"product_id": "P54", "price": 738}, {"product_id": "P60", "price": 1979}], "date_of_purchase": "2019-02-07 10:51:00"}
{"customer_id": "C30", "basket": [{"product_id": "P40", "price": 1242}, {"product_id": "P39", "price": 743}], "date_of_purchase": "2019-02-07 21:18:00"}
{"customer_id": "C31", "basket": [{"product_id": "P03", "price": 348}, {"product_id": "P08", "price": 1572}, {"product_id": "P11", "price": 642}], "date_of_purchase": "2019-02-07 21:34:00"}
{"customer_id": "C35", "basket": [{"product_id": "P61", "price": 719}, {"product_id": "P62", "price": 1159}], "date_of_purchase": "2019-02-07 21:52:00"}
{"customer_id": "C40", "basket": [{"product_id": "P52", "price": 769}, {"product_id": "P51", "price": 1709}], "date_of_purchase": "2019-02-07 20:08:00"}
{"customer_id": "C54", "basket": [{"product_id": "P40", "price": 356}, {"product_id": "P36", "price": 233}, {"product_id": "P39", "price": 871}], "date_of_purchase": "2019-02-07 23:23:00"}
{"customer_id": "C56", "basket": [{"product_id": "P23", "price": 1509}, {"product_id": "P27", "price": 1093}, {"product_id": "P26", "price": 950}], "date_of_purchase": "2019-02-07 17:54:00"}
{"customer_id": "C62", "basket": [{"product_id": "P01", "price": 1658}, {"product_id": "P06", "price": 119}], "date_of_purchase": "2019-02-07 18:09:00"}
{"customer_id": "C76", "basket": [{"product_id": "P20", "price": 761}, {"product_id": "P19", "price": 1179}], "date_of_purchase": "2019-02-07 07:29:00"}
{"customer_id": "C79", "basket": [{"product_id": "P35", "price": 1923}, {"product_id": "P39", "price": 1934}, {"product_id": "P35", "price": 1788}], "date_of_purchase": "2019-02-07 16:46:00"}
{"customer_id": "C88", "basket": [{"product_id": "P28", "price": 890}], "date_of_purchase": "2019-02-07 22:43:00"}
{"customer_id": "C90", "basket": [{"product_id": "P33", "price": 1583}], "date_of_purchase": "2019-02-07 13:13:00"}
{"customer_id": "C97", "basket": [{"product_id": "P16", "price": 430}, {"product_id": "P18", "price": 409}], "date_of_purchase": "2019-02-07 13:09:00"}
{"customer_id": "C103", "basket": [{"product_id": "P26", "price": 1262}], "date_of_purchase": "2019-02-07 17:19:00"}
{"customer_id": "C120", "basket": [{"product_id": "P51", "price": 1290}, {"product_id": "P41", "price": 408}], "date_of_purchase": "2019-02-07 18:50:00"}
{"customer_id": "C123", "basket": [{"product_id": "P59", "price": 495}, {"product_id": "P44", "price": 1722}], "date_of_purchase": "2019-02-07 16:02:00"}
{"customer_id": "C126", "basket": [{"product_id": "P11", "price": 1847}, {"product_id": "P05", "price": 1033}, {"product_id": "P10", "price": 88}], "date_of_purchase": "2019-02-07 15:49:00"}
