{"customer_id": "C16", "basket": [{"product_id": "P35", "price": 672}, {"product_id": "P40", "price": 456}], "date_of_purchase": "2018-12-10 07:40:00"}
{"customer_id": "C18", "basket": [{"product_id": "P33", "price": 866}, {"product_id": "P29", "price": 1063}], "date_of_purchase": "2018-12-10 18:54:00"}
{"customer_id": "C21", "basket": [{"product_id": "P41", "price": 363}], "date_of_purchase": "2018-12-10 10:31:00"}
{"customer_id": "C25", "basket": [{"product_id": "P34", "price": 820}, {"product_id": "P32", "price": 625}, {"product_id": "P31", "price": 951}], "date_of_purchase": "2018-12-10 14:02:00"}
{"customer_id": "C44", "basket": [{"product_id": "P36", "price": 1663}], "date_of_purchase": "2018-12-10 23:26:00"}
{"customer_id": "C56", "basket": [{"product_id": "P22", "price": 1733}, {"product_id": "P24", "price": 790}, {"product_id": "P24", "price": 1100}], "date_of_purchase": "2018-12-10 17:07:00"}
{"customer_id": "C71", "basket": [{"product_id": "P58", "price": 1891}], "date_of_purchase": "2018-12-10 08:56:00"}
{"customer_id": "C76", "basket": [{"product_id": "P32", "price": 1154}, {"product_id": "P27", "price": 1543}], "date_of_purchase": "2018-12-10 03:22:00"}
{"customer_id": "C87", "basket": [{"product_id": "P29", "price": 613}, {"product_id": "P22", "price": 708}, {"product_id": "P31", "price": 392}], "date_of_purchase": "2018-12-10 18:36:00"}
{"customer_id": "C89", "basket": [{"product_id": "P63", "price": 498}, {"product_id": "P64", "price": 1164}, {"product_id": "P62", "price": 1305}], "date_of_purchase": "2018-12-10 08:17:00"}
{"customer_id": "C90", "basket": [{"product_id": "P28", "price": 141}], "date_of_purchase": "2018-12-10 09:49:00"}
{"customer_id": "C95", "basket": [{"product_id": "P25", "price": 1186}, {"product_id": "P32", "price": 914}], "date_of_purchase": "2018-12-10 07:40:00"}
{"customer_id": "C113", "basket": [{"product_id": "P01", "price": 123}, {"product_id": "P08", "price": 1708}, {"product_id": "P09", "price": 1891}], "date_of_purchase": "2018-12-10 23:37:00"}
{"customer_id": "C116", "basket": [{"product_id": "P57", "price": 147}, {"product_id": "P54", "price": 692}, {"product_id": "P59", "price": 1147}], "date_of_purchase": "2018-12-10 22:24:00"}
{"customer_id": "C118", "basket": [{"product_id": "P39", "price": 1496}], "date_of_purchase": "2018-12-10 23:10:00"}
{"customer_id": "C122", "basket": [{"product_id": "P53", "price": 498}, {"product_id": "P52", "price": 690}], "date_of_purchase": "2018-12-10 09:01:00"}
{"customer_id": "C123", "basket": [{"product_id": "P44", "price": 750}], "date_of_purchase": "2018-12-10 19:44:00"}
