{"customer_id": "C3", "basket": [{"product_id": "P55", "price": 1765}, {"product_id": "P47", "price": 1816}], "date_of_purchase": "2019-01-05 16:57:00"}
{"customer_id": "C4", "basket": [{"product_id": "P46", "price": 923}, {"product_id": "P42", "price": 272}, {"product_id": "P55", "price": 530}], "date_of_purchase": "2019-01-05 05:35:00"}
{"customer_id": "C6", "basket": [{"product_id": "P30", "price": 1724}, {"product_id": "P33", "price": 1502}, {"product_id": "P26", "price": 776}], "date_of_purchase": "2019-01-05 12:42:00"}
{"customer_id": "C8", "basket": [{"product_id": "P23", "price": 876}, {"product_id": "P29", "price": 398}], "date_of_purchase": "2019-01-05 18:53:00"}
{"customer_id": "C11", "basket": [{"product_id": "P05", "price": 1069}, {"product_id": "P03", "price": 1139}], "date_of_purchase": "2019-01-05 13:58:00"}
{"customer_id": "C15", "basket": [{"product_id": "P35", "price": 1937}], "date_of_purchase": "2019-01-05 19:33:00"}
{"customer_id": "C18", "basket": [{"product_id": "P22", "price": 1631}], "date_of_purchase": "2019-01-05 09:08:00"}
{"customer_id": "C25", "basket": [{"product_id": "P35", "price": 298}, {"product_id": "P40", "price": 954}], "date_of_purchase": "2019-01-05 04:32:00"}
{"customer_id": "C37", "basket": [{"product_id": "P28", "price": 1193}, {"product_id": "P31", "price": 1326}], "date_of_purchase": "2019-01-05 15:00:00"}
{"customer_id": "C40", "basket": [{"product_id": "P61", "price": 1244}, {"product_id": "P62", "price": 1012}], "date_of_purchase": "2019-01-05 06:39:00"}
{"customer_id": "C41", "basket": [{"product_id": "P12", "price": 1654}, {"product_id": "P06", "price": 1467}, {"product_id": "P03", "price": 1135}], "date_of_purchase": "2019-01-05 21:23:00"}
{"customer_id": "C43", "basket": [{"product_id": "P22", "price": 1245}, {"product_id": "P24", "price": 1738}, {"product_id": "P23", "price": 1390}], "date_of_purchase": "2019-01-05 10:11:00"}
{"customer_id": "C50", "basket": [{"product_id": "P33", "price": 687}], "date_of_purchase": "2019-01-05 10:03:00"}
{"customer_id": "C51", "basket": [{"product_id": "P25", "price": 1582}, {"product_id": "P28", "price": 432}, {"product_id": "P31", "price": 1464}], "date_of_purchase": "2019-01-05 22:27:00"}
{"customer_id": "C57", "basket": [{"product_id": "P62", "price": 1528}], "date_of_purchase": "2019-01-05 22:52:00"}
{"customer_id": "C61", "basket": [{"product_id": "P64", "price": 1206}, {"product_id": "P63", "price": 1612}], "date_of_purchase": "2019-01-05 08:11:00"}
{"customer_id": "C64", "basket": [{"product_id": "P27", "price": 1273}, {"product_id": "P32", "price": 407}], "date_of_purchase": "2019-01-05 08:06:00"}
{"customer_id": "C68", "basket": [{"product_id": "P40", "price": 1253}, {"product_id": "P36", "price": 1421}], "date_of_purchase": "2019-01-05 06:34:00"}
{"customer_id": "C69", "basket": [{"product_id": "P29", "price": 39}, {"product_id": "P31", "price": 1656}, {"product_id": "P30", "price": 994}], "date_of_purchase": "2019-01-05 18:39:00"}
{"customer_id": "C77", "basket": [{"product_id": "P06", "price": 56}, {"product_id": "P03", "price": 413}], "date_of_purchase": "2019-01-05 13:33:00"}
{"customer_id": "C91", "basket": [{"product_id": "P43", "price": 1007}, {"product_id": "P42", "price": 312}, {"product_id": "P58", "price": 1867}], "date_of_purchase": "2019-01-05 11:38:00"}
{"customer_id": "C96", "basket": [{"product_id": "P35", "price": 1386}], "date_of_purchase": "2019-01-05 14:17:00"}
{"customer_id": "C97", "basket": [{"product_id": "P13", "price": 121}], "date_of_purchase": "2019-01-05 18:26:00"}
{"customer_id": "C98", "basket": [{"product_id": "P37", "price": 1753}, {"product_id": "P37", "price": 761}], "date_of_purchase": "2019-01-05 10:48:00"}
{"customer_id": "C100", "basket": [{"product_id": "P22", "price": 536}, {"product_id": "P30", "price": 274}], "date_of_purchase": "2019-01-05 17:21:00"}
{"customer_id": "C109", "basket": [{"product_id": "P01", "price": 724}], "date_of_purchase": "2019-01-05 15:42:00"}
{"customer_id": "C111", "basket": [{"product_id": "P09", "price": 1537}], "date_of_purchase": "2019-01-05 12:03:00"}
{"customer_id": "C130", "basket": [{"product_id": "P34", "price": 1226}, {"product_id": "P29", "price": 86}, {"product_id": "P29", "price": 473}], "date_of_purchase": "2019-01-05 09:21:00"}
{"customer_id": "C131", "basket": [{"product_id": "P38", "price": 1699}, {"product_id": "P37", "price": 153}, {"product_id": "P38", "price": 1}], "date_of_purchase": "2019-01-05 09:50:00"}
