{"customer_id": "C1", "basket": [{"product_id": "P60", "price": 1371}, {"product_id": "P50", "price": 1952}], "date_of_purchase": "2019-01-16 12:21:00"}
{"customer_id": "C9", "basket": [{"product_id": "P43", "price": 1115}, {"product_id": "P48", "price": 1063}, {"product_id": "P53", "price": 1912}], "date_of_purchase": "2019-01-16 13:31:00"}
{"customer_id": "C12", "basket": [{"product_id": "P36", "price": 759}, {"product_id": "P38", "price": 13}], "date_of_purchase": "2019-01-16 16:05:00"}
{"customer_id": "C17", "basket": [{"product_id": "P14", "price": 366}], "date_of_purchase": "2019-01-16 04:59:00"}
{"customer_id": "C18", "basket": [{"product_id": "P33", "price": 1784}, {"product_id": "P26", "price": 788}, {"product_id": "P28", "price": 1078}], "date_of_purchase": "2019-01-16 10:30:00"}
{"customer_id": "C24", "basket": [{"product_id": "P25", "price": 1081}, {"product_id": "P24", "price": 1329}, {"product_id": "P23", "price": 1239}], "date_of_purchase": "2019-01-16 11:22:00"}
{"customer_id": "C34", "basket": [{"product_id": "P01", "price": 1184}, {"product_id": "P04", "price": 1518}, {"product_id": "P11", "price": 127}], "date_of_purchase": "2019-01-16 20:36:00"}
{"customer_id": "C36", "basket": [{"product_id": "P50", "price": 133}, {"product_id": "P51", "price": 1967}, {"product_id": "P41", "price": 662}], "date_of_purchase": "2019-01-16 08:35:00"}
{"customer_id": "C42", "basket": [{"product_id": "P27", "price": 1945}, {"product_id": "P33", "price": 1523}, {"product_id": "P25", "price": 989}], "date_of_purchase": "2019-01-16 04:44:00"}
{"customer_id": "C43", "basket": [{"product_id": "P39", "price": 1617}], "date_of_purchase": "2019-01-16 21:43:00"}
{"customer_id": "C52", "basket": [{"product_id": "P37", "price": 1884}, {"product_id": "P37", "price": 1239}], "date_of_purchase": "2019-01-16 23:22:00"}
{"customer_id": "C56", "basket": [{"product_id": "P29", "price": 1268}, {"product_id": "P22", "price": 1320}, {"product_id": "P30", "price": 200}], "date_of_purchase": "2019-01-16 18:50:00"}
{"customer_id": "C77", "basket": [{"product_id": "P26", "price": 1120}, {"product_id": "P32", "price": 34}, {"product_id": "P26", "price": 231}], "date_of_purchase": "2019-01-16 09:46:00"}
{"customer_id": "C79", "basket": [{"product_id": "P35", "price": 13}, {"product_id": "P38", "price": 1828}], "date_of_purchase": "2019-01-16 16:01:00"}
{"customer_id": "C80", "basket": [{"product_id": "P37", "price": 299}, {"product_id": "P37", "price": 1612}], "date_of_purchase": "2019-01-16 13:46:00"}
{"customer_id": "C85", "basket": [{"product_id": "P49", "price": 328}, {"product_id": "P42", "price": 1913}], "date_of_purchase": "2019-01-16 19:34:00"}
{"customer_id": "C90", "basket": [{"product_id": "P26", "price": 409}, {"product_id": "P32", "price": 447}, {"product_id": "P27", "price": 1040}], "date_of_purchase": "2019-01-16 09:16:00"}
{"customer_id": "C92", "basket": [{"product_id": "P37", "price": 1504}], "date_of_purchase": "2019-01-16 05:41:00"}
{"customer_id": "C93", "basket": [{"product_id": "P23", "price": 286}], "date_of_purchase": "2019-01-16 05:59:00"}
{"customer_id": "C96", "basket": [{"product_id": "P25", "price": 1888}, {"product_id": "P26", "price": 618}], "date_of_purchase": "2019-01-16 19:42:00"}
{"customer_id": "C102", "basket": [{"product_id": "P24", "price": 123}, {"product_id": "P22", "price": 12}], "date_of_purchase": "2019-01-16 15:15:00"}
{"customer_id": "C103", "basket": [{"product_id": "P29", "price": 1556}, {"product_id": "P22", "price": 1637}, {"product_id": "P30", "price": 642}], "date_of_purchase": "2019-01-16 11:33:00"}
{"customer_id": "C111", "basket": [{"product_id": "P03", "price": 519}], "date_of_purchase": "2019-01-16 13:37:00"}
{"customer_id": "C130", "basket": [{"product_id": "P23", "price": 1716}, {"product_id": "P26", "price": 1353}, {"product_id": "P29", "price": 631}], "date_of_purchase": "2019-01-16 17:33:00"}
