{"customer_id": "C1", "basket": [{"product_id": "P38", "price": 1503}], "date_of_purchase": "2018-12-27 03:19:00"}
{"customer_id": "C7", "basket": [{"product_id": "P47", "price": 1627}, {"product_id": "P45", "price": 1079}, {"product_id": "P43", "price": 541}], "date_of_purchase": "2018-12-27 06:03:00"}
{"customer_id": "C16", "basket": [{"product_id": "P36", "price": 359}], "date_of_purchase": "2018-12-27 10:55:00"}
{"customer_id": "C20", "basket": [{"product_id": "P60", "price": 1206}, {"product_id": "P54", "price": 1209}, {"product_id": "P52", "price": 354}], "date_of_purchase": "2018-12-27 05:07:00"}
{"customer_id": "C24", "basket": [{"product_id": "P30", "price": 143}], "date_of_purchase": "2018-12-27 07:32:00"}
{"customer_id": "C27", "basket": [{"product_id": "P63", "price": 1362}], "date_of_purchase": "2018-12-27 09:27:00"}
{"customer_id": "C33", "basket": [{"product_id": "P26", "price": 296}, {"product_id": "P30", "price": 799}, {"product_id": "P32", "price": 168}], "date_of_purchase": "2018-12-27 07:50:00"}
{"customer_id": "C40", "basket": [{"product_id": "P28", "price": 1368}, {"product_id": "P24", "price": 569}], "date_of_purchase": "2018-12-27 13:10:00"}
{"customer_id": "C42", "basket": [{"product_id": "P23", "price": 444}], "date_of_purchase": "2018-12-27 18:45:00"}
{"customer_id": "C43", "basket": [{"product_id": "P24", "price": 678}, {"product_id": "P34", "price": 1879}], "date_of_purchase": "2018-12-27 16:36:00"}
{"customer_id": "C68", "basket": [{"product_id": "P35", "price": 132}, {"product_id": "P37", "price": 755}], "date_of_purchase": "2018-12-27 16:15:00"}
{"customer_id": "C79", "basket": [{"product_id": "P13", "price": 122}, {"product_id": "P20", "price": 1800}, {"product_id": "P17", "price": 1255}], "date_of_purchase": "2018-12-27 19:35:00"}
{"customer_id": "C87", "basket": [{"product_id": "P46", "price": 165}], "date_of_purchase": "2018-12-27 18:31:00"}
{"customer_id": "C91", "basket": [{"product_id": "P49", "price": 794}, {"product_id": "P54", "price": 190}], "date_of_purchase": "2018-12-27 04:26:00"}
{"customer_id": "C92", "basket": [{"product_id": "P26", "price": 1129}, {"product_id": "P32", "price": 891}, {"product_id": "P32", "price": 1197}], "date_of_purchase": "2018-12-27 23:06:00"}
{"customer_id": "C93", "basket": [{"product_id": "P24", "price": 1543}, {"product_id": "P33", "price": 127}, {"product_id": "P29", "price": 989}], "date_of_purchase": "2018-12-27 16:48:00"}
{"customer_id": "C94", "basket": [{"product_id": "P34", "price": 1951}, {"product_id": "P33", "price": 606}], "date_of_purchase": "2018-12-27 17:39:00"}
{"customer_id": "C95", "basket": [{"product_id": "P44", "price": 1485}, {"product_id": "P53", "price": 1990}], "date_of_purchase": "2018-12-27 16:40:00"}
{"customer_id": "C99", "basket": [{"product_id": "P07", "price": 1315}, {"product_id": "P07", "price": 1765}], "date_of_purchase": "2018-12-27 05:00:00"}
{"customer_id": "C107", "basket": [{"product_id": "P39", "price": 1168}], "date_of_purchase": "2018-12-27 08:41:00"}
{"customer_id": "C116", "basket": [{"product_id": "P40", "price": 1693}], "date_of_purchase": "2018-12-27 14:40:00"}
{"customer_id": "C118", "basket": [{"product_id": "P11", "price": 1140}, {"product_id": "P02", "price": 1970}, {"product_id": "P10", "price": 1044}], "date_of_purchase": "2018-12-27 06:39:00"}
{"customer_id": "C132", "basket": [{"product_id": "P33", "price": 1875}, {"product_id": "P34", "price": 1430}], "date_of_purchase": "2018-12-27 20:52:00"}
