{"customer_id": "C19", "basket": [{"product_id": "P63", "price": 380}], "date_of_purchase": "2018-12-01 08:29:00"}
{"customer_id": "C31", "basket": [{"product_id": "P03", "price": 526}], "date_of_purchase": "2018-12-01 05:59:00"}
{"customer_id": "C40", "basket": [{"product_id": "P35", "price": 623}], "date_of_purchase": "2018-12-01 21:33:00"}
{"customer_id": "C43", "basket": [{"product_id": "P51", "price": 745}, {"product_id": "P52", "price": 243}], "date_of_purchase": "2018-12-01 13:58:00"}
{"customer_id": "C51", "basket": [{"product_id": "P22", "price": 1517}, {"product_id": "P31", "price": 1259}, {"product_id": "P32", "price": 833}], "date_of_purchase": "2018-12-01 05:12:00"}
{"customer_id": "C64", "basket": [{"product_id": "P31", "price": 1260}, {"product_id": "P25", "price": 1137}], "date_of_purchase": "2018-12-01 03:14:00"}
{"customer_id": "C65", "basket": [{"product_id": "P38", "price": 932}, {"product_id": "P39", "price": 109}], "date_of_purchase": "2018-12-01 09:33:00"}
{"customer_id": "C66", "basket": [{"product_id": "P07", "price": 823}, {"product_id": "P06", "price": 501}, {"product_id": "P11", "price": 1360}], "date_of_purchase": "2018-12-01 22:50:00"}
{"customer_id": "C68", "basket": [{"product_id": "P02", "price": 1270}, {"product_id": "P08", "price": 1476}, {"product_id": "P10", "price": 774}], "date_of_purchase": "2018-12-01 05:10:00"}
{"customer_id": "C69", "basket": [{"product_id": "P39", "price": 557}], "date_of_purchase": "2018-12-01 07:59:00"}
{"customer_id": "C77", "basket": [{"product_id": "P03", "price": 1635}, {"product_id": "P11", "price": 847}, {"product_id": "P08", "price": 1210}], "date_of_purchase": "2018-12-01 08:30:00"}
{"customer_id": "C79", "basket": [{"product_id": "P42", "price": 89}], "date_of_purchase": "2018-12-01 16:39:00"}
{"customer_id": "C80", "basket": [{"product_id": "P17", "price": 401}, {"product_id": "P18", "price": 1407}], "date_of_purchase": "2018-12-01 18:33:00"}
{"customer_id": "C86", "basket": [{"product_id": "P63", "price": 1685}], "date_of_purchase": "2018-12-01 23:19:00"}
{"customer_id": "C91", "basket": [{"product_id": "P53", "price": 1578}], "date_of_purchase": "2018-12-01 17:50:00"}
{"customer_id": "C93", "basket": [{"product_id": "P26", "price": 241}], "date_of_purchase": "2018-12-01 06:44:00"}
{"customer_id": "C100", "basket": [{"product_id": "P08", "price": 124}, {"product_id": "P01", "price": 711}], "date_of_purchase": "2018-12-01 14:55:00"}
{"customer_id": "C115", "basket": [{"product_id": "P24", "price": 1972}, {"product_id": "P34", "price": 1342}], "date_of_purchase": "2018-12-01 16:26:00"}
{"customer_id": "C116", "basket": [{"product_id": "P40", "price": 204}, {"product_id": "P36", "price": 122}], "date_of_purchase": "2018-12-01 09:54:00"}
{"customer_id": "C118", "basket": [{"product_id": "P37", "price": 979}], "date_of_purchase": "2018-12-01 22:07:00"}
{"customer_id": "C123", "basket": [{"product_id": "P53", "price": 778}], "date_of_purchase": "2018-12-01 04:09:00"}
{"customer_id": "C128", "basket": [{"product_id": "P35", "price": 1181}], "date_of_purchase": "2018-12-01 22:02:00"}
{"customer_id": "C134", "basket": [{"product_id": "P07", "price": 1668}], "date_of_purchase": "2018-12-01 13:32:00"}
