{"customer_id": "C1", "basket": [{"product_id": "P43", "price": 358}, {"product_id": "P47", "price": 599}], "date_of_purchase": "2018-12-12 12:00:00"}
{"customer_id": "C3", "basket": [{"product_id": "P39", "price": 1334}], "date_of_purchase": "2018-12-12 14:22:00"}
{"customer_id": "C10", "basket": [{"product_id": "P63", "price": 1853}, {"product_id": "P64", "price": 128}], "date_of_purchase": "2018-12-12 09:15:00"}
{"customer_id": "C11", "basket": [{"product_id": "P30", "price": 239}], "date_of_purchase": "2018-12-12 23:17:00"}
{"customer_id": "C14", "basket": [{"product_id": "P33", "price": 1184}], "date_of_purchase": "2018-12-12 04:44:00"}
{"customer_id": "C15", "basket": [{"product_id": "P64", "price": 1496}, {"product_id": "P61", "price": 1341}], "date_of_purchase": "2018-12-12 07:38:00"}
{"customer_id": "C22", "basket": [{"product_id": "P55", "price": 467}, {"product_id": "P54", "price": 1641}], "date_of_purchase": "2018-12-12 23:11:00"}
{"customer_id": "C23", "basket": [{"product_id": "P64", "price": 696}, {"product_id": "P62", "price": 1626}, {"product_id": "P62", "price": 1731}], "date_of_purchase": "2018-12-12 17:05:00"}
{"customer_id": "C25", "basket": [{"product_id": "P35", "price": 1539}], "date_of_purchase": "2018-12-12 13:08:00"}
{"customer_id": "C30", "basket": [{"product_id": "P36", "price": 473}, {"product_id": "P38", "price": 425}], "date_of_purchase": "2018-12-12 05:40:00"}
{"customer_id": "C34", "basket": [{"product_id": "P27", "price": 35}, {"product_id": "P29", "price": 729}, {"product_id": "P34", "price": 1951}], "date_of_purchase": "2018-12-12 21:05:00"}
{"customer_id": "C35", "basket": [{"product_id": "P31", "price": 1032}], "date_of_purchase": "2018-12-12 23:15:00"}
{"customer_id": "C49", "basket": [{"product_id": "P05", "price": 833}, {"product_id": "P03", "price": 1387}], "date_of_purchase": "2018-12-12 18:25:00"}
{"customer_id": "C55", "basket": [{"product_id": "P49", "price": 729}, {"product_id": "P48", "price": 383}, {"product_id": "P41", "price": 500}], "date_of_purchase": "2018-12-12 13:25:00"}
{"customer_id": "C59", "basket": [{"product_id": "P27", "price": 1127}], "date_of_purchase": "2018-12-12 08:38:00"}
{"customer_id": "C61", "basket": [{"product_id": "P62", "price": 1559}, {"product_id": "P64", "price": 1666}, {"product_id": "P63", "price": 1749}], "date_of_purchase": "2018-12-12 06:05:00"}
{"customer_id": "C63", "basket": [{"product_id": "P40", "price": 1363}, {"product_id": "P38", "price": 1062}], "date_of_purchase": "2018-12-12 23:57:00"}
{"customer_id": "C64", "basket": [{"product_id": "P33", "price": 155}], "date_of_purchase": "2018-12-12 09:15:00"}
{"customer_id": "C79", "basket": [{"product_id": "P16", "price": 623}], "date_of_purchase": "2018-12-12 09:59:00"}
{"customer_id": "C83", "basket": [{"product_id": "P53", "price": 1149}, {"product_id": "P47", "price": 398}], "date_of_purchase": "2018-12-12 06:37:00"}
{"customer_id": "C84", "basket": [{"product_id": "P37", "price": 1146}, {"product_id": "P38", "price": 788}], "date_of_purchase": "2018-12-12 16:59:00"}
{"customer_id": "C86", "basket": [{"product_id": "P29", "price": 1161}], "date_of_purchase": "2018-12-12 17:38:00"}
{"customer_id": "C90", "basket": [{"product_id": "P24", "price": 1850}, {"product_id": "P22", "price": 1829}, {"product_id": "P27", "price": 1710}], "date_of_purchase": "2018-12-12 09:49:00"}
{"customer_id": "C99", "basket": [{"product_id": "P43", "price": 1190}, {"product_id": "P55", "price": 1006}, {"product_id": "P56", "price": 991}], "date_of_purchase": "2018-12-12 13:17:00"}
{"customer_id": "C109", "basket": [{"product_id": "P07", "price": 155}, {"product_id": "P10", "price": 1139}], "date_of_purchase": "2018-12-12 19:45:00"}
{"customer_id": "C111", "basket": [{"product_id": "P07", "price": 1091}, {"product_id": "P09", "price": 499}], "date_of_purchase": "2018-12-12 19:41:00"}
{"customer_id": "C112", "basket": [{"product_id": "P59", "price": 146}, {"product_id": "P48", "price": 68}], "date_of_purchase": "2018-12-12 12:21:00"}
{"customer_id": "C113", "basket": [{"product_id": "P36", "price": 631}, {"product_id": "P35", "price": 1186}, {"product_id": "P39", "price": 194}], "date_of_purchase": "2018-12-12 18:07:00"}
{"customer_id": "C116", "basket": [{"product_id": "P51", "price": 1249}, {"product_id": "P59", "price": 62}], "date_of_purchase": "2018-12-12 21:28:00"}
{"customer_id": "C130", "basket": [{"product_id": "P54", "price": 57}], "date_of_purchase": "2018-12-12 23:20:00"}
{"customer_id": "C132", "basket": [{"product_id": "P33", "price": 709}, {"product_id": "P25", "price": 1250}], "date_of_purchase": "2018-12-12 16:35:00"}
{"customer_id": "C136", "basket": [{"product_id": "P25", "price": 1855}], "date_of_purchase": "2018-12-12 20:48:00"}
