{"customer_id": "C2", "basket": [{"product_id": "P02", "price": 1161}, {"product_id": "P11", "price": 662}, {"product_id": "P06", "price": 1336}], "date_of_purchase": "2019-02-14 23:46:00"}
{"customer_id": "C3", "basket": [{"product_id": "P57", "price": 1273}, {"product_id": "P51", "price": 1512}], "date_of_purchase": "2019-02-14 03:01:00"}
{"customer_id": "C16", "basket": [{"product_id": "P36", "price": 1333}, {"product_id": "P36", "price": 146}], "date_of_purchase": "2019-02-14 06:55:00"}
{"customer_id": "C20", "basket": [{"product_id": "P54", "price": 1077}], "date_of_purchase": "2019-02-14 15:28:00"}
{"customer_id": "C21", "basket": [{"product_id": "P39", "price": 389}, {"product_id": "P39", "price": 1914}, {"product_id": "P35", "price": 1952}], "date_of_purchase": "2019-02-14 11:22:00"}
{"customer_id": "C23", "basket": [{"product_id": "P62", "price": 1953}], "date_of_purchase": "2019-02-14 12:09:00"}
{"customer_id": "C25", "basket": [{"product_id": "P37", "price": 944}], "date_of_purchase": "2019-02-14 14:05:00"}
{"customer_id": "C28", "basket": [{"product_id": "P04", "price": 1380}], "date_of_purchase": "2019-02-14 18:10:00"}
{"customer_id": "C29", "basket": [{"product_id": "P01", "price": 325}, {"product_id": "P08", "price": 276}, {"product_id": "P06", "price": 1819}], "date_of_purchase": "2019-02-14 06:35:00"}
{"customer_id": "C34", "basket": [{"product_id": "P29", "price": 469}, {"product_id": "P31", "price": 395}, {"product_id": "P27", "price": 791}], "date_of_purchase": "2019-02-14 16:49:00"}
{"customer_id": "C37", "basket": [{"product_id": "P22", "price": 579}], "date_of_purchase": "2019-02-14 21:13:00"}
{"customer_id": "C39", "basket": [{"product_id": "P30", "price": 54}], "date_of_purchase": "2019-02-14 21:50:00"}
{"customer_id": "C43", "basket": [{"product_id": "P33", "price": 1388}], "date_of_purchase": "2019-02-14 02:57:00"}
{"customer_id": "C53", "basket": [{"product_id": "P37", "price": 410}, {"product_id": "P39", "price": 334}, {"product_id": "P37", "price": 1586}], "date_of_purchase": "2019-02-14 13:48:00"}
{"customer_id": "C54", "basket": [{"product_id": "P25", "price": 1352}], "date_of_purchase": "2019-02-14 08:57:00"}
{"customer_id": "C55", "basket": [{"product_id": "P04", "price": 1844}, {"product_id": "P01", "price": 1681}], "date_of_purchase": "2019-02-14 20:44:00"}
{"customer_id": "C63", "basket": [{"product_id": "P64", "price": 90}], "date_of_purchase": "2019-02-14 13:45:00"}
{"customer_id": "C82", "basket": [{"product_id": "P40", "price": 1876}], "date_of_purchase": "2019-02-14 18:28:00"}
{"customer_id": "C88", "basket": [{"product_id": "P36", "price": 322}, {"product_id": "P40", "price": 1736}, {"product_id": "P38", "price": 798}], "date_of_purchase": "2019-02-14 09:09:00"}
{"customer_id": "C91", "basket": [{"product_id": "P41", "price": 938}, {"product_id": "P59", "price": 1597}, {"product_id": "P57", "price": 1239}], "date_of_purchase": "2019-02-14 22:05:00"}
{"customer_id": "C92", "basket": [{"product_id": "P33", "price": 1038}], "date_of_purchase": "2019-02-14 03:36:00"}
{"customer_id": "C95", "basket": [{"product_id": "P54", "price": 1610}], "date_of_purchase": "2019-02-14 06:57:00"}
{"customer_id": "C96", "basket": [{"product_id": "P02", "price": 1905}, {"product_id": "P08", "price": 1136}], "date_of_purchase": "2019-02-14 10:47:00"}
{"customer_id": "C101", "basket": [{"product_id": "P36", "price": 144}, {"product_id": "P38", "price": 1643}, {"product_id": "P36", "price": 1152}], "date_of_purchase": "2019-02-14 22:28:00"}
{"customer_id": "C116", "basket": [{"product_id": "P38", "price": 1718}, {"product_id": "P38", "price": 211}], "date_of_purchase": "2019-02-14 10:22:00"}
{"customer_id": "C120", "basket": [{"product_id": "P58", "price": 1154}, {"product_id": "P48", "price": 697}], "date_of_purchase": "2019-02-14 08:39:00"}
{"customer_id": "C123", "basket": [{"product_id": "P57", "price": 1399}, {"product_id": "P57", "price": 145}], "date_of_purchase": "2019-02-14 12:50:00"}
{"customer_id": "C126", "basket": [{"product_id": "P48", "price": 1399}, {"product_id": "P49", "price": 343}, {"product_id": "P49", "price": 334}], "date_of_purchase": "2019-02-14 15:55:00"}
{"customer_id": "C128", "basket": [{"product_id": "P35", "price": 265}], "date_of_purchase": "2019-02-14 04:30:00"}
{"customer_id": "C130", "basket": [{"product_id": "P56", "price": 323}], "date_of_purchase": "2019-02-14 22:13:00"}
{"customer_id": "C132", "basket": [{"product_id": "P32", "price": 1248}], "date_of_purchase": "2019-02-14 03:31:00"}
{"customer_id": "C133", "basket": [{"product_id": "P38", "price": 93}, {"product_id": "P39", "price": 1294}], "date_of_purchase": "2019-02-14 21:23:00"}
