{"customer_id": "C13", "basket": [{"product_id": "P29", "price": 1353}], "date_of_purchase": "2019-01-28 13:30:00"}
{"customer_id": "C22", "basket": [{"product_id": "P60", "price": 1542}], "date_of_purchase": "2019-01-28 15:13:00"}
{"customer_id": "C30", "basket": [{"product_id": "P37", "price": 1859}, {"product_id": "P38", "price": 1261}, {"product_id": "P40", "price": 1575}], "date_of_purchase": "2019-01-28 11:58:00"}
{"customer_id": "C35", "basket": [{"product_id": "P27", "price": 283}, {"product_id": "P34", "price": 1116}], "date_of_purchase": "2019-01-28 23:48:00"}
{"customer_id": "C39", "basket": [{"product_id": "P31", "price": 1595}, {"product_id": "P34", "price": 798}], "date_of_purchase": "2019-01-28 06:12:00"}
{"customer_id": "C56", "basket": [{"product_id": "P22", "price": 1355}, {"product_id": "P33", "price": 1094}], "date_of_purchase": "2019-01-28 10:42:00"}
{"customer_id": "C68", "basket": [{"product_id": "P39", "price": 628}, {"product_id": "P37", "price": 152}], "date_of_purchase": "2019-01-28 03:40:00"}
{"customer_id": "C72", "basket": [{"product_id": "P11", "price": 998}, {"product_id": "P11", "price": 693}], "date_of_purchase": "2019-01-28 15:56:00"}
{"customer_id": "C80", "basket": [{"product_id": "P21", "price": 511}], "date_of_purchase": "2019-01-28 09:46:00"}
{"customer_id": "C92", "basket": [{"product_id": "P25", "price": 588}, {"product_id": "P22", "price": 1226}, {"product_id": "P25", "price": 1572}], "date_of_purchase": "2019-01-28 14:48:00"}
{"customer_id": "C98", "basket": [{"product_id": "P35", "price": 1446}, {"product_id": "P39", "price": 1063}], "date_of_purchase": "2019-01-28 04:54:00"}
{"customer_id": "C101", "basket": [{"product_id": "P36", "price": 866}, {"product_id": "P35", "price": 1897}], "date_of_purchase": "2019-01-28 15:07:00"}
{"customer_id": "C103", "basket": [{"product_id": "P24", "price": 1373}, {"product_id": "P24", "price": 583}], "date_of_purchase": "2019-01-28 23:39:00"}
{"customer_id": "C110", "basket": [{"product_id": "P32", "price": 222}, {"product_id": "P30", "price": 107}], "date_of_purchase": "2019-01-28 08:47:00"}
{"customer_id": "C112", "basket": [{"product_id": "P08", "price": 1076}, {"product_id": "P05", "price": 1817}], "date_of_purchase": "2019-01-28 15:48:00"}
{"customer_id": "C117", "basket": [{"product_id": "P35", "price": 1458}], "date_of_purchase": "2019-01-28 05:13:00"}
{"customer_id": "C124", "basket": [{"product_id": "P36", "price": 149}, {"product_id": "P38", "price": 1280}, {"product_id": "P39", "price": 1990}], "date_of_purchase": "2019-01-28 20:34:00"}
{"customer_id": "C130", "basket": [{"product_id": "P52", "price": 1469}, {"product_id": "P45", "price": 80}], "date_of_purchase": "2019-01-28 23:07:00"}
{"customer_id": "C135", "basket": [{"product_id": "P64", "price": 1752}, {"product_id": "P64", "price": 297}], "date_of_purchase": "2019-01-28 16:40:00"}
