{"customer_id": "C7", "basket": [{"product_id": "P03", "price": 1150}, {"product_id": "P05", "price": 586}], "date_of_purchase": "2019-01-25 20:38:00"}
{"customer_id": "C17", "basket": [{"product_id": "P22", "price": 235}], "date_of_purchase": "2019-01-25 22:12:00"}
{"customer_id": "C20", "basket": [{"product_id": "P48", "price": 987}, {"product_id": "P54", "price": 1241}, {"product_id": "P42", "price": 679}], "date_of_purchase": "2019-01-25 10:11:00"}
{"customer_id": "C22", "basket": [{"product_id": "P59", "price": 1511}], "date_of_purchase": "2019-01-25 11:47:00"}
{"customer_id": "C23", "basket": [{"product_id": "P62", "price": 291}, {"product_id": "P61", "price": 1416}, {"product_id": "P61", "price": 255}], "date_of_purchase": "2019-01-25 04:58:00"}
{"customer_id": "C29", "basket": [{"product_id": "P44", "price": 1197}, {"product_id": "P60", "price": 841}], "date_of_purchase": "2019-01-25 06:42:00"}
{"customer_id": "C30", "basket": [{"product_id": "P37", "price": 122}, {"product_id": "P39", "price": 796}, {"product_id": "P40", "price": 647}], "date_of_purchase": "2019-01-25 05:02:00"}
{"customer_id": "C32", "basket": [{"product_id": "P24", "price": 854}, {"product_id": "P25", "price": 1995}, {"product_id": "P22", "price": 1473}], "date_of_purchase": "2019-01-25 21:39:00"}
{"customer_id": "C35", "basket": [{"product_id": "P32", "price": 1025}], "date_of_purchase": "2019-01-25 06:51:00"}
{"customer_id": "C41", "basket": [{"product_id": "P21", "price": 10}, {"product_id": "P15", "price": 1186}, {"product_id": "P20", "price": 291}], "date_of_purchase": "2019-01-25 20:25:00"}
{"customer_id": "C47", "basket": [{"product_id": "P27", "price": 198}], "date_of_purchase": "2019-01-25 14:23:00"}
{"customer_id": "C48", "basket": [{"product_id": "P27", "price": 1386}, {"product_id": "P29", "price": 545}, {"product_id": "P33", "price": 1995}], "date_of_purchase": "2019-01-25 03:57:00"}
{"customer_id": "C52", "basket": [{"product_id": "P03", "price": 411}, {"product_id": "P04", "price": 69}], "date_of_purchase": "2019-01-25 15:10:00"}
{"customer_id": "C61", "basket": [{"product_id": "P63", "price": 445}], "date_of_purchase": "2019-01-25 04:07:00"}
{"customer_id": "C66", "basket": [{"product_id": "P05", "price": 665}, {"product_id": "P01", "price": 1562}], "date_of_purchase": "2019-01-25 20:57:00"}
{"customer_id": "C67", "basket": [{"product_id": "P42", "price": 165}, {"product_id": "P56", "price": 243}, {"product_id": "P59", "price": 999}], "date_of_purchase": "2019-01-25 17:22:00"}
{"customer_id": "C71", "basket": [{"product_id": "P27", "price": 391}], "date_of_purchase": "2019-01-25 17:35:00"}
{"customer_id": "C72", "basket": [{"product_id": "P49", "price": 184}], "date_of_purchase": "2019-01-25 22:19:00"}
{"customer_id": "C76", "basket": [{"product_id": "P21", "price": 1356}], "date_of_purchase": "2019-01-25 04:32:00"}
{"customer_id": "C78", "basket": [{"product_id": "P40", "price": 1623}, {"product_id": "P37", "price": 777}, {"product_id": "P36", "price": 339}], "date_of_purchase": "2019-01-25 18:19:00"}
{"customer_id": "C90", "basket": [{"product_id": "P22", "price": 846}, {"product_id": "P24", "price": 1224}, {"product_id": "P24", "price": 38}], "date_of_purchase": "2019-01-25 07:48:00"}
{"customer_id": "C92", "basket": [{"product_id": "P22", "price": 697}, {"product_id": "P30", "price": 515}], "date_of_purchase": "2019-01-25 16:51:00"}
{"customer_id": "C94", "basket": [{"product_id": "P26", "price": 1022}, {"product_id": "P32", "price": 1011}], "date_of_purchase": "2019-01-25 20:26:00"}
{"customer_id": "C95", "basket": [{"product_id": "P23", "price": 467}], "date_of_purchase": "2019-01-25 11:38:00"}
{"customer_id": "C107", "basket": [{"product_id": "P35", "price": 71}, {"product_id": "P38", "price": 1198}, {"product_id": "P39", "price": 234}], "date_of_purchase": "2019-01-25 15:46:00"}
{"customer_id": "C112", "basket": [{"product_id": "P08", "price": 522}, {"product_id": "P08", "price": 374}, {"product_id": "P03", "price": 1956}], "date_of_purchase": "2019-01-25 10:29:00"}
{"customer_id": "C119", "basket": [{"product_id": "P06", "price": 1209}], "date_of_purchase": "2019-01-25 23:49:00"}
{"customer_id": "C126", "basket": [{"product_id": "P03", "price": 1014}], "date_of_purchase": "2019-01-25 13:02:00"}
{"customer_id": "C128", "basket": [{"product_id": "P36", "price": 1743}, {"product_id": "P40", "price": 1038}, {"product_id": "P35", "price": 1207}], "date_of_purchase": "2019-01-25 13:38:00"}
{"customer_id": "C131", "basket": [{"product_id": "P40", "price": 626}], "date_of_purchase": "2019-01-25 18:00:00"}
{"customer_id": "C132", "basket": [{"product_id": "P24", "price": 1753}], "date_of_purchase": "2019-01-25 23:20:00"}
