{"customer_id": "C19", "basket": [{"product_id": "P62", "price": 1626}], "date_of_purchase": "2019-01-12 09:05:00"}
{"customer_id": "C20", "basket": [{"product_id": "P60", "price": 1442}], "date_of_purchase": "2019-01-12 03:07:00"}
{"customer_id": "C29", "basket": [{"product_id": "P05", "price": 158}, {"product_id": "P03", "price": 1249}], "date_of_purchase": "2019-01-12 02:52:00"}
{"customer_id": "C30", "basket": [{"product_id": "P39", "price": 915}, {"product_id": "P37", "price": 697}, {"product_id": "P36", "price": 81}], "date_of_purchase": "2019-01-12 05:22:00"}
{"customer_id": "C33", "basket": [{"product_id": "P10", "price": 250}, {"product_id": "P04", "price": 770}], "date_of_purchase": "2019-01-12 14:05:00"}
{"customer_id": "C37", "basket": [{"product_id": "P29", "price": 416}], "date_of_purchase": "2019-01-12 04:50:00"}
{"customer_id": "C42", "basket": [{"product_id": "P26", "price": 260}, {"product_id": "P26", "price": 1400}, {"product_id": "P33", "price": 623}], "date_of_purchase": "2019-01-12 14:55:00"}
{"customer_id": "C43", "basket": [{"product_id": "P49", "price": 509}, {"product_id": "P57", "price": 1648}, {"product_id": "P47", "price": 1988}], "date_of_purchase": "2019-01-12 17:37:00"}
{"customer_id": "C49", "basket": [{"product_id": "P09", "price": 9}, {"product_id": "P12", "price": 1851}], "date_of_purchase": "2019-01-12 19:32:00"}
{"customer_id": "C53", "basket": [{"product_id": "P40", "price": 53}, {"product_id": "P38", "price": 705}], "date_of_purchase": "2019-01-12 15:17:00"}
{"customer_id": "C54", "basket": [{"product_id": "P23", "price": 1416}, {"product_id": "P22", "price": 1634}], "date_of_purchase": "2019-01-12 13:54:00"}
{"customer_id": "C73", "basket": [{"product_id": "P41", "price": 1332}], "date_of_purchase": "2019-01-12 16:47:00"}
{"customer_id": "C79", "basket": [{"product_id": "P50", "price": 1341}], "date_of_purchase": "2019-01-12 05:42:00"}
{"customer_id": "C88", "basket": [{"product_id": "P31", "price": 1805}, {"product_id": "P27", "price": 1751}], "date_of_purchase": "2019-01-12 23:05:00"}
{"customer_id": "C93", "basket": [{"product_id": "P32", "price": 41}, {"product_id": "P33", "price": 1844}], "date_of_purchase": "2019-01-12 15:14:00"}
{"customer_id": "C102", "basket": [{"product_id": "P31", "price": 1228}], "date_of_purchase": "2019-01-12 12:33:00"}
{"customer_id": "C105", "basket": [{"product_id": "P61", "price": 194}], "date_of_purchase": "2019-01-12 09:12:00"}
{"customer_id": "C115", "basket": [{"product_id": "P06", "price": 1915}, {"product_id": "P07", "price": 900}, {"product_id": "P05", "price": 1249}], "date_of_purchase": "2019-01-12 11:07:00"}
{"customer_id": "C117", "basket": [{"product_id": "P11", "price": 1330}, {"product_id": "P04", "price": 1875}], "date_of_purchase": "2019-01-12 22:33:00"}
{"customer_id": "C123", "basket": [{"product_id": "P42", "price": 265}], "date_of_purchase": "2019-01-12 20:53:00"}
{"customer_id": "C126", "basket": [{"product_id": "P28", "price": 1494}], "date_of_purchase": "2019-01-12 11:04:00"}
{"customer_id": "C128", "basket": [{"product_id": "P39", "price": 679}, {"product_id": "P38", "price": 1723}], "date_of_purchase": "2019-01-12 18:04:00"}
{"customer_id": "C134", "basket": [{"product_id": "P09", "price": 651}, {"product_id": "P12", "price": 11}, {"product_id": "P11", "price": 1306}], "date_of_purchase": "2019-01-12 16:34:00"}
{"customer_id": "C136", "basket": [{"product_id": "P34", "price": 112}], "date_of_purchase": "2019-01-12 16:03:00"}
