{"customer_id": "C1", "basket": [{"product_id": "P40", "price": 1986}, {"product_id": "P36", "price": 1966}], "date_of_purchase": "2019-01-01 09:19:00"}
{"customer_id": "C7", "basket": [{"product_id": "P47", "price": 1004}], "date_of_purchase": "2019-01-01 20:52:00"}
{"customer_id": "C24", "basket": [{"product_id": "P22", "price": 1850}], "date_of_purchase": "2019-01-01 13:48:00"}
{"customer_id": "C25", "basket": [{"product_id": "P29", "price": 1927}, {"product_id": "P30", "price": 601}], "date_of_purchase": "2019-01-01 10:26:00"}
{"customer_id": "C30", "basket": [{"product_id": "P40", "price": 1749}, {"product_id": "P40", "price": 1753}, {"product_id": "P40", "price": 470}], "date_of_purchase": "2019-01-01 16:59:00"}
{"customer_id": "C49", "basket": [{"product_id": "P08", "price": 862}, {"product_id": "P04", "price": 1108}, {"product_id": "P10", "price": 175}], "date_of_purchase": "2019-01-01 08:02:00"}
{"customer_id": "C53", "basket": [{"product_id": "P33", "price": 1616}], "date_of_purchase": "2019-01-01 22:11:00"}
{"customer_id": "C62", "basket": [{"product_id": "P44", "price": 1543}, {"product_id": "P45", "price": 1359}], "date_of_purchase": "2019-01-01 11:58:00"}
{"customer_id": "C64", "basket": [{"product_id": "P26", "price": 1511}, {"product_id": "P25", "price": 1632}], "date_of_purchase": "2019-01-01 13:21:00"}
{"customer_id": "C72", "basket": [{"product_id": "P13", "price": 258}, {"product_id": "P18", "price": 661}], "date_of_purchase": "2019-01-01 11:37:00"}
{"customer_id": "C76", "basket": [{"product_id": "P40", "price": 1476}, {"product_id": "P39", "price": 71}, {"product_id": "P39", "price": 1345}], "date_of_purchase": "2019-01-01 23:33:00"}
{"customer_id": "C77", "basket": [{"product_id": "P03", "price": 1022}], "date_of_purchase": "2019-01-01 07:36:00"}
{"customer_id": "C82", "basket": [{"product_id": "P55", "price": 1210}, {"product_id": "P55", "price": 1178}], "date_of_purchase": "2019-01-01 17:58:00"}
{"customer_id": "C90", "basket": [{"product_id": "P34", "price": 1660}, {"product_id": "P28", "price": 144}, {"product_id": "P24", "price": 1930}], "date_of_purchase": "2019-01-01 11:05:00"}
{"customer_id": "C93", "basket": [{"product_id": "P29", "price": 590}], "date_of_purchase": "2019-01-01 06:49:00"}
{"customer_id": "C99", "basket": [{"product_id": "P48", "price": 1525}, {"product_id": "P52", "price": 933}, {"product_id": "P47", "price": 1561}], "date_of_purchase": "2019-01-01 07:54:00"}
{"customer_id": "C103", "basket": [{"product_id": "P27", "price": 939}, {"product_id": "P26", "price": 570}], "date_of_purchase": "2019-01-01 19:56:00"}
{"customer_id": "C109", "basket": [{"product_id": "P59", "price": 1948}, {"product_id": "P46", "price": 1822}, {"product_id": "P57", "price": 1706}], "date_of_purchase": "2019-01-01 02:58:00"}
{"customer_id": "C118", "basket": [{"product_id": "P25", "price": 1079}, {"product_id": "P29", "price": 1417}], "date_of_purchase": "2019-01-01 08:03:00"}
