{"customer_id": "C20", "basket": [{"product_id": "P58", "price": 11}], "date_of_purchase": "2019-01-02 23:18:00"}
{"customer_id": "C22", "basket": [{"product_id": "P09", "price": 1612}], "date_of_purchase": "2019-01-02 14:38:00"}
{"customer_id": "C31", "basket": [{"product_id": "P08", "price": 994}, {"product_id": "P12", "price": 539}], "date_of_purchase": "2019-01-02 17:14:00"}
{"customer_id": "C34", "basket": [{"product_id": "P32", "price": 441}, {"product_id": "P31", "price": 749}], "date_of_purchase": "2019-01-02 15:19:00"}
{"customer_id": "C35", "basket": [{"product_id": "P31", "price": 848}], "date_of_purchase": "2019-01-02 14:19:00"}
{"customer_id": "C42", "basket": [{"product_id": "P30", "price": 654}], "date_of_purchase": "2019-01-02 05:26:00"}
{"customer_id": "C65", "basket": [{"product_id": "P38", "price": 1366}], "date_of_purchase": "2019-01-02 04:17:00"}
{"customer_id": "C85", "basket": [{"product_id": "P30", "price": 820}], "date_of_purchase": "2019-01-02 10:28:00"}
{"customer_id": "C88", "basket": [{"product_id": "P39", "price": 41}, {"product_id": "P40", "price": 557}], "date_of_purchase": "2019-01-02 23:34:00"}
{"customer_id": "C93", "basket": [{"product_id": "P26", "price": 538}], "date_of_purchase": "2019-01-02 04:52:00"}
{"customer_id": "C104", "basket": [{"product_id": "P03", "price": 1720}], "date_of_purchase": "2019-01-02 12:15:00"}
{"customer_id": "C107", "basket": [{"product_id": "P40", "price": 1538}, {"product_id": "P37", "price": 1562}], "date_of_purchase": "2019-01-02 17:17:00"}
{"customer_id": "C111", "basket": [{"product_id": "P06", "price": 1138}, {"product_id": "P05", "price": 1583}, {"product_id": "P06", "price": 324}], "date_of_purchase": "2019-01-02 22:28:00"}
{"customer_id": "C122", "basket": [{"product_id": "P26", "price": 1904}, {"product_id": "P33", "price": 938}, {"product_id": "P22", "price": 996}], "date_of_purchase": "2019-01-02 12:27:00"}
{"customer_id": "C123", "basket": [{"product_id": "P50", "price": 1533}, {"product_id": "P49", "price": 962}, {"product_id": "P56", "price": 217}], "date_of_purchase": "2019-01-02 03:52:00"}
{"customer_id": "C126", "basket": [{"product_id": "P32", "price": 14}, {"product_id": "P23", "price": 1313}], "date_of_purchase": "2019-01-02 06:31:00"}
{"customer_id": "C128", "basket": [{"product_id": "P38", "price": 216}, {"product_id": "P39", "price": 205}, {"product_id": "P36", "price": 660}], "date_of_purchase": "2019-01-02 11:05:00"}
{"customer_id": "C133", "basket": [{"product_id": "P59", "price": 1918}], "date_of_purchase": "2019-01-02 18:48:00"}
{"customer_id": "C137", "basket": [{"product_id": "P46", "price": 262}, {"product_id": "P57", "price": 1412}, {"product_id": "P56", "price": 1051}], "date_of_purchase": "2019-01-02 08:22:00"}
