{"customer_id": "C2", "basket": [{"product_id": "P05", "price": 477}], "date_of_purchase": "2018-12-02 04:19:00"}
{"customer_id": "C3", "basket": [{"product_id": "P41", "price": 1020}], "date_of_purchase": "2018-12-02 05:03:00"}
{"customer_id": "C11", "basket": [{"product_id": "P05", "price": 571}], "date_of_purchase": "2018-12-02 20:36:00"}
{"customer_id": "C18", "basket": [{"product_id": "P29", "price": 515}, {"product_id": "P25", "price": 536}], "date_of_purchase": "2018-12-02 19:14:00"}
{"customer_id": "C20", "basket": [{"product_id": "P42", "price": 512}, {"product_id": "P45", "price": 257}, {"product_id": "P45", "price": 590}], "date_of_purchase": "2018-12-02 06:34:00"}
{"customer_id": "C37", "basket": [{"product_id": "P24", "price": 932}, {"product_id": "P22", "price": 945}, {"product_id": "P23", "price": 1199}], "date_of_purchase": "2018-12-02 04:05:00"}
{"customer_id": "C49", "basket": [{"product_id": "P37", "price": 915}], "date_of_purchase": "2018-12-02 16:54:00"}
{"customer_id": "C54", "basket": [{"product_id": "P12", "price": 1343}, {"product_id": "P01", "price": 1737}, {"product_id": "P02", "price": 596}], "date_of_purchase": "2018-12-02 11:16:00"}
{"customer_id": "C55", "basket": [{"product_id": "P19", "price": 517}, {"product_id": "P19", "price": 361}, {"product_id": "P20", "price": 361}], "date_of_purchase": "2018-12-02 03:29:00"}
{"customer_id": "C61", "basket": [{"product_id": "P62", "price": 1680}, {"product_id": "P63", "price": 555}, {"product_id": "P64", "price": 399}], "date_of_purchase": "2018-12-02 14:33:00"}
{"customer_id": "C66", "basket": [{"product_id": "P01", "price": 1940}, {"product_id": "P09", "price": 401}, {"product_id": "P03", "price": 1623}], "date_of_purchase": "2018-12-02 03:26:00"}
{"customer_id": "C76", "basket": [{"product_id": "P20", "price": 1786}], "date_of_purchase": "2018-12-02 12:01:00"}
{"customer_id": "C77", "basket": [{"product_id": "P25", "price": 113}, {"product_id": "P33", "price": 1269}, {"product_id": "P26", "price": 509}], "date_of_purchase": "2018-12-02 20:46:00"}
{"customer_id": "C82", "basket": [{"product_id": "P59", "price": 757}], "date_of_purchase": "2018-12-02 06:24:00"}
{"customer_id": "C84", "basket": [{"product_id": "P28", "price": 471}], "date_of_purchase": "2018-12-02 04:40:00"}
{"customer_id": "C85", "basket": [{"product_id": "P43", "price": 1302}, {"product_id": "P59", "price": 585}], "date_of_purchase": "2018-12-02 16:36:00"}
{"customer_id": "C93", "basket": [{"product_id": "P23", "price": 1004}, {"product_id": "P24", "price": 1456}, {"product_id": "P31", "price": 164}], "date_of_purchase": "2018-12-02 16:54:00"}
{"customer_id": "C99", "basket": [{"product_id": "P07", "price": 1489}], "date_of_purchase": "2018-12-02 15:17:00"}
{"customer_id": "C100", "basket": [{"product_id": "P03", "price": 1105}], "date_of_purchase": "2018-12-02 20:16:00"}
{"customer_id": "C122", "basket": [{"product_id": "P34", "price": 963}], "date_of_purchase": "2018-12-02 19:43:00"}
{"customer_id": "C126", "basket": [{"product_id": "P32", "price": 111}, {"product_id": "P25", "price": 674}, {"product_id": "P24", "price": 1250}], "date_of_purchase": "2018-12-02 18:54:00"}
{"customer_id": "C128", "basket": [{"product_id": "P38", "price": 720}, {"product_id": "P39", "price": 516}, {"product_id": "P40", "price": 1473}], "date_of_purchase": "2018-12-02 14:45:00"}
{"customer_id": "C130", "basket": [{"product_id": "P29", "price": 795}, {"product_id": "P25", "price": 1004}, {"product_id": "P33", "price": 798}], "date_of_purchase": "2018-12-02 23:42:00"}
{"customer_id": "C137", "basket": [{"product_id": "P46", "price": 251}, {"product_id": "P58", "price": 1391}], "date_of_purchase": "2018-12-02 08:22:00"}
