{"customer_id": "C3", "basket": [{"product_id": "P41", "price": 802}, {"product_id": "P46", "price": 643}], "date_of_purchase": "2019-02-12 13:20:00"}
{"customer_id": "C7", "basket": [{"product_id": "P59", "price": 599}, {"product_id": "P49", "price": 1338}, {"product_id": "P43", "price": 196}], "date_of_purchase": "2019-02-12 12:16:00"}
{"customer_id": "C24", "basket": [{"product_id": "P29", "price": 1775}], "date_of_purchase": "2019-02-12 14:08:00"}
{"customer_id": "C27", "basket": [{"product_id": "P63", "price": 1585}], "date_of_purchase": "2019-02-12 14:28:00"}
{"customer_id": "C36", "basket": [{"product_id": "P37", "price": 1489}, {"product_id": "P39", "price": 1800}, {"product_id": "P40", "price": 261}], "date_of_purchase": "2019-02-12 09:34:00"}
{"customer_id": "C44", "basket": [{"product_id": "P26", "price": 790}, {"product_id": "P23", "price": 1705}, {"product_id": "P30", "price": 884}], "date_of_purchase": "2019-02-12 20:53:00"}
{"customer_id": "C45", "basket": [{"product_id": "P54", "price": 577}, {"product_id": "P47", "price": 682}], "date_of_purchase": "2019-02-12 18:35:00"}
{"customer_id": "C57", "basket": [{"product_id": "P42", "price": 893}, {"product_id": "P44", "price": 1823}], "date_of_purchase": "2019-02-12 15:59:00"}
{"customer_id": "C65", "basket": [{"product_id": "P36", "price": 1412}], "date_of_purchase": "2019-02-12 19:27:00"}
{"customer_id": "C73", "basket": [{"product_id": "P38", "price": 1582}, {"product_id": "P36", "price": 1597}], "date_of_purchase": "2019-02-12 08:05:00"}
{"customer_id": "C80", "basket": [{"product_id": "P19", "price": 607}, {"product_id": "P20", "price": 1330}], "date_of_purchase": "2019-02-12 05:24:00"}
{"customer_id": "C82", "basket": [{"product_id": "P40", "price": 1}, {"product_id": "P37", "price": 518}, {"product_id": "P38", "price": 341}], "date_of_purchase": "2019-02-12 02:54:00"}
{"customer_id": "C90", "basket": [{"product_id": "P28", "price": 668}], "date_of_purchase": "2019-02-12 03:20:00"}
{"customer_id": "C102", "basket": [{"product_id": "P33", "price": 1651}, {"product_id": "P31", "price": 573}], "date_of_purchase": "2019-02-12 05:35:00"}
{"customer_id": "C106", "basket": [{"product_id": "P20", "price": 276}], "date_of_purchase": "2019-02-12 23:51:00"}
{"customer_id": "C120", "basket": [{"product_id": "P51", "price": 955}, {"product_id": "P57", "price": 69}, {"product_id": "P52", "price": 432}], "date_of_purchase": "2019-02-12 12:30:00"}
{"customer_id": "C122", "basket": [{"product_id": "P28", "price": 1060}, {"product_id": "P24", "price": 1809}, {"product_id": "P29", "price": 962}], "date_of_purchase": "2019-02-12 17:44:00"}
