{"customer_id": "C7", "basket": [{"product_id": "P59", "price": 219}, {"product_id": "P41", "price": 467}, {"product_id": "P54", "price": 1722}], "date_of_purchase": "2018-12-18 21:21:00"}
{"customer_id": "C8", "basket": [{"product_id": "P39", "price": 581}, {"product_id": "P39", "price": 1676}, {"product_id": "P40", "price": 1001}], "date_of_purchase": "2018-12-18 03:59:00"}
{"customer_id": "C15", "basket": [{"product_id": "P41", "price": 822}, {"product_id": "P56", "price": 836}, {"product_id": "P47", "price": 282}], "date_of_purchase": "2018-12-18 06:34:00"}
{"customer_id": "C18", "basket": [{"product_id": "P34", "price": 1363}, {"product_id": "P30", "price": 1255}, {"product_id": "P31", "price": 1633}], "date_of_purchase": "2018-12-18 18:25:00"}
{"customer_id": "C23", "basket": [{"product_id": "P45", "price": 845}, {"product_id": "P60", "price": 1008}, {"product_id": "P51", "price": 1280}], "date_of_purchase": "2018-12-18 20:44:00"}
{"customer_id": "C24", "basket": [{"product_id": "P34", "price": 921}], "date_of_purchase": "2018-12-18 03:18:00"}
{"customer_id": "C25", "basket": [{"product_id": "P30", "price": 203}], "date_of_purchase": "2018-12-18 13:31:00"}
{"customer_id": "C28", "basket": [{"product_id": "P59", "price": 298}, {"product_id": "P41", "price": 373}], "date_of_purchase": "2018-12-18 11:10:00"}
{"customer_id": "C33", "basket": [{"product_id": "P06", "price": 612}], "date_of_purchase": "2018-12-18 16:15:00"}
{"customer_id": "C41", "basket": [{"product_id": "P39", "price": 1323}, {"product_id": "P39", "price": 1597}], "date_of_purchase": "2018-12-18 11:57:00"}
{"customer_id": "C43", "basket": [{"product_id": "P64", "price": 1443}, {"product_id": "P62", "price": 324}, {"product_id": "P63", "price": 1755}], "date_of_purchase": "2018-12-18 12:42:00"}
{"customer_id": "C48", "basket": [{"product_id": "P24", "price": 1959}], "date_of_purchase": "2018-12-18 17:52:00"}
{"customer_id": "C50", "basket": [{"product_id": "P23", "price": 132}, {"product_id": "P33", "price": 1739}], "date_of_purchase": "2018-12-18 22:06:00"}
{"customer_id": "C52", "basket": [{"product_id": "P03", "price": 1820}, {"product_id": "P01", "price": 1664}], "date_of_purchase": "2018-12-18 07:05:00"}
{"customer_id": "C55", "basket": [{"product_id": "P40", "price": 1305}, {"product_id": "P36", "price": 1546}], "date_of_purchase": "2018-12-18 08:00:00"}
{"customer_id": "C62", "basket": [{"product_id": "P07", "price": 1003}, {"product_id": "P04", "price": 857}, {"product_id": "P09", "price": 277}], "date_of_purchase": "2018-12-18 15:27:00"}
{"customer_id": "C64", "basket": [{"product_id": "P22", "price": 1604}], "date_of_purchase": "2018-12-18 06:58:00"}
{"customer_id": "C67", "basket": [{"product_id": "P41", "price": 1035}], "date_of_purchase": "2018-12-18 10:05:00"}
{"customer_id": "C70", "basket": [{"product_id": "P38", "price": 1303}, {"product_id": "P35", "price": 220}], "date_of_purchase": "2018-12-18 15:37:00"}
{"customer_id": "C71", "basket": [{"product_id": "P51", "price": 1105}, {"product_id": "P50", "price": 1428}], "date_of_purchase": "2018-12-18 02:53:00"}
{"customer_id": "C75", "basket": [{"product_id": "P44", "price": 1174}, {"product_id": "P49", "price": 412}, {"product_id": "P46", "price": 341}], "date_of_purchase": "2018-12-18 08:21:00"}
{"customer_id": "C78", "basket": [{"product_id": "P57", "price": 1918}, {"product_id": "P54", "price": 461}], "date_of_purchase": "2018-12-18 13:40:00"}
{"customer_id": "C81", "basket": [{"product_id": "P35", "price": 371}, {"product_id": "P38", "price": 446}, {"product_id": "P38", "price": 1687}], "date_of_purchase": "2018-12-18 05:40:00"}
{"customer_id": "C88", "basket": [{"product_id": "P39", "price": 1278}, {"product_id": "P35", "price": 227}, {"product_id": "P38", "price": 535}], "date_of_purchase": "2018-12-18 16:42:00"}
{"customer_id": "C96", "basket": [{"product_id": "P17", "price": 555}], "date_of_purchase": "2018-12-18 04:34:00"}
{"customer_id": "C100", "basket": [{"product_id": "P33", "price": 1084}, {"product_id": "P25", "price": 40}], "date_of_purchase": "2018-12-18 14:58:00"}
{"customer_id": "C101", "basket": [{"product_id": "P36", "price": 1395}, {"product_id": "P40", "price": 1847}, {"product_id": "P36", "price": 76}], "date_of_purchase": "2018-12-18 14:14:00"}
{"customer_id": "C103", "basket": [{"product_id": "P30", "price": 1956}, {"product_id": "P32", "price": 1601}], "date_of_purchase": "2018-12-18 12:49:00"}
{"customer_id": "C107", "basket": [{"product_id": "P36", "price": 1611}], "date_of_purchase": "2018-12-18 16:18:00"}
{"customer_id": "C110", "basket": [{"product_id": "P63", "price": 316}, {"product_id": "P63", "price": 519}], "date_of_purchase": "2018-12-18 08:13:00"}
{"customer_id": "C123", "basket": [{"product_id": "P59", "price": 1384}, {"product_id": "P42", "price": 867}, {"product_id": "P56", "price": 1772}], "date_of_purchase": "2018-12-18 18:27:00"}
{"customer_id": "C126", "basket": [{"product_id": "P08", "price": 1446}, {"product_id": "P02", "price": 1243}], "date_of_purchase": "2018-12-18 06:58:00"}
{"customer_id": "C127", "basket": [{"product_id": "P34", "price": 1864}], "date_of_purchase": "2018-12-18 19:14:00"}
{"customer_id": "C128", "basket": [{"product_id": "P40", "price": 1344}], "date_of_purchase": "2018-12-18 13:42:00"}
