{"customer_id": "C10", "basket": [{"product_id": "P23", "price": 1643}], "date_of_purchase": "2019-01-30 13:40:00"}
{"customer_id": "C18", "basket": [{"product_id": "P40", "price": 869}, {"product_id": "P36", "price": 297}, {"product_id": "P37", "price": 1816}], "date_of_purchase": "2019-01-30 07:21:00"}
{"customer_id": "C26", "basket": [{"product_id": "P25", "price": 956}], "date_of_purchase": "2019-01-30 06:46:00"}
{"customer_id": "C28", "basket": [{"product_id": "P56", "price": 1659}, {"product_id": "P60", "price": 1921}, {"product_id": "P41", "price": 1700}], "date_of_purchase": "2019-01-30 08:51:00"}
{"customer_id": "C61", "basket": [{"product_id": "P64", "price": 951}, {"product_id": "P62", "price": 1506}], "date_of_purchase": "2019-01-30 20:46:00"}
{"customer_id": "C78", "basket": [{"product_id": "P55", "price": 947}, {"product_id": "P51", "price": 925}, {"product_id": "P59", "price": 1025}], "date_of_purchase": "2019-01-30 15:02:00"}
{"customer_id": "C81", "basket": [{"product_id": "P60", "price": 661}, {"product_id": "P49", "price": 1616}, {"product_id": "P60", "price": 1626}], "date_of_purchase": "2019-01-30 03:57:00"}
{"customer_id": "C85", "basket": [{"product_id": "P25", "price": 1968}], "date_of_purchase": "2019-01-30 04:37:00"}
{"customer_id": "C86", "basket": [{"product_id": "P22", "price": 1527}, {"product_id": "P32", "price": 225}, {"product_id": "P27", "price": 1451}], "date_of_purchase": "2019-01-30 17:02:00"}
{"customer_id": "C87", "basket": [{"product_id": "P42", "price": 1701}], "date_of_purchase": "2019-01-30 08:29:00"}
{"customer_id": "C91", "basket": [{"product_id": "P54", "price": 432}, {"product_id": "P57", "price": 1673}, {"product_id": "P44", "price": 1847}], "date_of_purchase": "2019-01-30 09:18:00"}
{"customer_id": "C100", "basket": [{"product_id": "P32", "price": 1192}], "date_of_purchase": "2019-01-30 08:56:00"}
{"customer_id": "C107", "basket": [{"product_id": "P40", "price": 370}], "date_of_purchase": "2019-01-30 21:21:00"}
{"customer_id": "C111", "basket": [{"product_id": "P39", "price": 501}, {"product_id": "P37", "price": 10}, {"product_id": "P38", "price": 772}], "date_of_purchase": "2019-01-30 05:36:00"}
{"customer_id": "C129", "basket": [{"product_id": "P28", "price": 78}], "date_of_purchase": "2019-01-30 22:05:00"}
