{"customer_id": "C1", "basket": [{"product_id": "P40", "price": 203}, {"product_id": "P37", "price": 608}], "date_of_purchase": "2019-02-16 16:03:00"}
{"customer_id": "C10", "basket": [{"product_id": "P25", "price": 1278}, {"product_id": "P27", "price": 1863}], "date_of_purchase": "2019-02-16 14:21:00"}
{"customer_id": "C16", "basket": [{"product_id": "P36", "price": 844}], "date_of_purchase": "2019-02-16 11:05:00"}
{"customer_id": "C18", "basket": [{"product_id": "P34", "price": 674}, {"product_id": "P24", "price": 1306}, {"product_id": "P22", "price": 77}], "date_of_purchase": "2019-02-16 06:47:00"}
{"customer_id": "C19", "basket": [{"product_id": "P62", "price": 1513}, {"product_id": "P62", "price": 867}], "date_of_purchase": "2019-02-16 18:15:00"}
{"customer_id": "C22", "basket": [{"product_id": "P60", "price": 980}, {"product_id": "P41", "price": 81}, {"product_id": "P44", "price": 1231}], "date_of_purchase": "2019-02-16 11:43:00"}
{"customer_id": "C27", "basket": [{"product_id": "P64", "price": 1423}], "date_of_purchase": "2019-02-16 18:21:00"}
{"customer_id": "C35", "basket": [{"product_id": "P23", "price": 1577}, {"product_id": "P26", "price": 79}, {"product_id": "P23", "price": 1288}], "date_of_purchase": "2019-02-16 21:39:00"}
{"customer_id": "C37", "basket": [{"product_id": "P25", "price": 674}, {"product_id": "P26", "price": 421}], "date_of_purchase": "2019-02-16 11:01:00"}
{"customer_id": "C49", "basket": [{"product_id": "P04", "price": 1077}, {"product_id": "P04", "price": 425}, {"product_id": "P10", "price": 1860}], "date_of_purchase": "2019-02-16 16:35:00"}
{"customer_id": "C50", "basket": [{"product_id": "P23", "price": 1751}, {"product_id": "P32", "price": 340}, {"product_id": "P24", "price": 513}], "date_of_purchase": "2019-02-16 18:04:00"}
{"customer_id": "C51", "basket": [{"product_id": "P47", "price": 1313}, {"product_id": "P44", "price": 1372}, {"product_id": "P51", "price": 532}], "date_of_purchase": "2019-02-16 10:44:00"}
{"customer_id": "C52", "basket": [{"product_id": "P24", "price": 64}, {"product_id": "P29", "price": 1822}], "date_of_purchase": "2019-02-16 03:33:00"}
{"customer_id": "C60", "basket": [{"product_id": "P29", "price": 206}, {"product_id": "P29", "price": 1720}], "date_of_purchase": "2019-02-16 14:31:00"}
{"customer_id": "C62", "basket": [{"product_id": "P04", "price": 85}], "date_of_purchase": "2019-02-16 13:39:00"}
{"customer_id": "C64", "basket": [{"product_id": "P28", "price": 1095}], "date_of_purchase": "2019-02-16 08:11:00"}
{"customer_id": "C76", "basket": [{"product_id": "P40", "price": 1515}, {"product_id": "P35", "price": 1123}, {"product_id": "P40", "price": 1661}], "date_of_purchase": "2019-02-16 15:06:00"}
{"customer_id": "C77", "basket": [{"product_id": "P16", "price": 1065}, {"product_id": "P16", "price": 1471}, {"product_id": "P18", "price": 1224}], "date_of_purchase": "2019-02-16 20:24:00"}
{"customer_id": "C78", "basket": [{"product_id": "P47", "price": 1972}, {"product_id": "P41", "price": 822}], "date_of_purchase": "2019-02-16 18:26:00"}
{"customer_id": "C88", "basket": [{"product_id": "P39", "price": 81}, {"product_id": "P39", "price": 744}], "date_of_purchase": "2019-02-16 05:10:00"}
{"customer_id": "C90", "basket": [{"product_id": "P25", "price": 1173}, {"product_id": "P34", "price": 1476}, {"product_id": "P26", "price": 472}], "date_of_purchase": "2019-02-16 13:03:00"}
{"customer_id": "C107", "basket": [{"product_id": "P39", "price": 1271}, {"product_id": "P40", "price": 1040}, {"product_id": "P36", "price": 251}], "date_of_purchase": "2019-02-16 17:18:00"}
{"customer_id": "C108", "basket": [{"product_id": "P40", "price": 671}, {"product_id": "P37", "price": 1285}], "date_of_purchase": "2019-02-16 18:03:00"}
{"customer_id": "C110", "basket": [{"product_id": "P29", "price": 97}, {"product_id": "P34", "price": 457}, {"product_id": "P28", "price": 1387}], "date_of_purchase": "2019-02-16 04:13:00"}
{"customer_id": "C112", "basket": [{"product_id": "P12", "price": 1441}, {"product_id": "P12", "price": 1718}], "date_of_purchase": "2019-02-16 03:48:00"}
{"customer_id": "C118", "basket": [{"product_id": "P33", "price": 768}, {"product_id": "P32", "price": 1606}], "date_of_purchase": "2019-02-16 17:06:00"}
{"customer_id": "C128", "basket": [{"product_id": "P36", "price": 1619}, {"product_id": "P35", "price": 1222}], "date_of_purchase": "2019-02-16 15:50:00"}
{"customer_id": "C133", "basket": [{"product_id": "P39", "price": 606}, {"product_id": "P36", "price": 484}, {"product_id": "P36", "price": 892}], "date_of_purchase": "2019-02-16 05:18:00"}
{"customer_id": "C135", "basket": [{"product_id": "P32", "price": 235}], "date_of_purchase": "2019-02-16 21:22:00"}
{"customer_id": "C137", "basket": [{"product_id": "P51", "price": 1216}], "date_of_purchase": "2019-02-16 20:59:00"}
