{"customer_id": "C1", "basket": [{"product_id": "P37", "price": 1636}], "date_of_purchase": "2019-02-19 22:42:00"}
{"customer_id": "C7", "basket": [{"product_id": "P01", "price": 135}, {"product_id": "P12", "price": 1343}], "date_of_purchase": "2019-02-19 09:48:00"}
{"customer_id": "C8", "basket": [{"product_id": "P38", "price": 366}, {"product_id": "P37", "price": 1654}], "date_of_purchase": "2019-02-19 19:36:00"}
{"customer_id": "C26", "basket": [{"product_id": "P63", "price": 1922}], "date_of_purchase": "2019-02-19 14:49:00"}
{"customer_id": "C29", "basket": [{"product_id": "P44", "price": 342}, {"product_id": "P54", "price": 936}, {"product_id": "P43", "price": 1492}], "date_of_purchase": "2019-02-19 04:28:00"}
{"customer_id": "C34", "basket": [{"product_id": "P30", "price": 626}], "date_of_purchase": "2019-02-19 13:53:00"}
{"customer_id": "C44", "basket": [{"product_id": "P58", "price": 548}], "date_of_purchase": "2019-02-19 08:47:00"}
{"customer_id": "C65", "basket": [{"product_id": "P58", "price": 1509}, {"product_id": "P44", "price": 440}], "date_of_purchase": "2019-02-19 21:48:00"}
{"customer_id": "C71", "basket": [{"product_id": "P49", "price": 1331}, {"product_id": "P47", "price": 1397}, {"product_id": "P41", "price": 1306}], "date_of_purchase": "2019-02-19 13:11:00"}
{"customer_id": "C76", "basket": [{"product_id": "P22", "price": 79}, {"product_id": "P27", "price": 88}], "date_of_purchase": "2019-02-19 10:20:00"}
{"customer_id": "C77", "basket": [{"product_id": "P34", "price": 1161}, {"product_id": "P30", "price": 1758}, {"product_id": "P28", "price": 1269}], "date_of_purchase": "2019-02-19 18:05:00"}
{"customer_id": "C80", "basket": [{"product_id": "P39", "price": 1217}, {"product_id": "P40", "price": 986}, {"product_id": "P37", "price": 1960}], "date_of_purchase": "2019-02-19 05:43:00"}
{"customer_id": "C86", "basket": [{"product_id": "P62", "price": 979}], "date_of_purchase": "2019-02-19 21:42:00"}
{"customer_id": "C100", "basket": [{"product_id": "P27", "price": 836}, {"product_id": "P29", "price": 230}, {"product_id": "P34", "price": 1045}], "date_of_purchase": "2019-02-19 12:21:00"}
{"customer_id": "C106", "basket": [{"product_id": "P61", "price": 1227}], "date_of_purchase": "2019-02-19 23:33:00"}
{"customer_id": "C114", "basket": [{"product_id": "P07", "price": 1202}, {"product_id": "P06", "price": 231}], "date_of_purchase": "2019-02-19 14:59:00"}
{"customer_id": "C116", "basket": [{"product_id": "P61", "price": 411}], "date_of_purchase": "2019-02-19 12:19:00"}
{"customer_id": "C126", "basket": [{"product_id": "P34", "price": 502}], "date_of_purchase": "2019-02-19 13:37:00"}
{"customer_id": "C127", "basket": [{"product_id": "P35", "price": 910}, {"product_id": "P38", "price": 230}], "date_of_purchase": "2019-02-19 23:32:00"}
{"customer_id": "C131", "basket": [{"product_id": "P38", "price": 811}, {"product_id": "P40", "price": 755}], "date_of_purchase": "2019-02-19 07:16:00"}
{"customer_id": "C132", "basket": [{"product_id": "P24", "price": 213}, {"product_id": "P24", "price": 1612}, {"product_id": "P24", "price": 43}], "date_of_purchase": "2019-02-19 07:38:00"}
{"customer_id": "C133", "basket": [{"product_id": "P39", "price": 209}, {"product_id": "P36", "price": 1247}], "date_of_purchase": "2019-02-19 09:34:00"}
{"customer_id": "C137", "basket": [{"product_id": "P57", "price": 1322}], "date_of_purchase": "2019-02-19 07:53:00"}
