{"customer_id": "C6", "basket": [{"product_id": "P22", "price": 476}, {"product_id": "P29", "price": 135}, {"product_id": "P29", "price": 6}], "date_of_purchase": "2019-01-04 15:00:00"}
{"customer_id": "C11", "basket": [{"product_id": "P05", "price": 282}, {"product_id": "P11", "price": 1959}, {"product_id": "P08", "price": 1338}], "date_of_purchase": "2019-01-04 05:50:00"}
{"customer_id": "C15", "basket": [{"product_id": "P35", "price": 29}], "date_of_purchase": "2019-01-04 23:39:00"}
{"customer_id": "C18", "basket": [{"product_id": "P26", "price": 686}, {"product_id": "P29", "price": 234}], "date_of_purchase": "2019-01-04 15:34:00"}
{"customer_id": "C22", "basket": [{"product_id": "P08", "price": 1296}], "date_of_purchase": "2019-01-04 10:24:00"}
{"customer_id": "C24", "basket": [{"product_id": "P26", "price": 381}], "date_of_purchase": "2019-01-04 17:47:00"}
{"customer_id": "C35", "basket": [{"product_id": "P22", "price": 1355}, {"product_id": "P34", "price": 379}, {"product_id": "P29", "price": 1777}], "date_of_purchase": "2019-01-04 07:14:00"}
{"customer_id": "C36", "basket": [{"product_id": "P39", "price": 830}], "date_of_purchase": "2019-01-04 09:01:00"}
{"customer_id": "C42", "basket": [{"product_id": "P26", "price": 1292}, {"product_id": "P34", "price": 71}], "date_of_purchase": "2019-01-04 21:14:00"}
{"customer_id": "C50", "basket": [{"product_id": "P33", "price": 1426}, {"product_id": "P31", "price": 1616}, {"product_id": "P28", "price": 298}], "date_of_purchase": "2019-01-04 16:59:00"}
{"customer_id": "C51", "basket": [{"product_id": "P30", "price": 1084}, {"product_id": "P25", "price": 647}], "date_of_purchase": "2019-01-04 04:45:00"}
{"customer_id": "C56", "basket": [{"product_id": "P28", "price": 1241}, {"product_id": "P23", "price": 1716}, {"product_id": "P25", "price": 996}], "date_of_purchase": "2019-01-04 13:52:00"}
{"customer_id": "C63", "basket": [{"product_id": "P39", "price": 484}], "date_of_purchase": "2019-01-04 16:21:00"}
{"customer_id": "C68", "basket": [{"product_id": "P62", "price": 466}], "date_of_purchase": "2019-01-04 10:45:00"}
{"customer_id": "C71", "basket": [{"product_id": "P41", "price": 184}, {"product_id": "P52", "price": 79}, {"product_id": "P41", "price": 61}], "date_of_purchase": "2019-01-04 07:33:00"}
{"customer_id": "C73", "basket": [{"product_id": "P36", "price": 1347}], "date_of_purchase": "2019-01-04 19:31:00"}
{"customer_id": "C77", "basket": [{"product_id": "P26", "price": 1229}], "date_of_purchase": "2019-01-04 03:19:00"}
{"customer_id": "C86", "basket": [{"product_id": "P24", "price": 418}, {"product_id": "P26", "price": 1483}, {"product_id": "P22", "price": 1630}], "date_of_purchase": "2019-01-04 11:03:00"}
{"customer_id": "C88", "basket": [{"product_id": "P36", "price": 937}], "date_of_purchase": "2019-01-04 21:49:00"}
{"customer_id": "C91", "basket": [{"product_id": "P43", "price": 1514}, {"product_id": "P51", "price": 1171}, {"product_id": "P56", "price": 92}], "date_of_purchase": "2019-01-04 12:31:00"}
{"customer_id": "C95", "basket": [{"product_id": "P29", "price": 973}, {"product_id": "P33", "price": 996}, {"product_id": "P27", "price": 674}], "date_of_purchase": "2019-01-04 04:27:00"}
{"customer_id": "C109", "basket": [{"product_id": "P44", "price": 907}, {"product_id": "P48", "price": 1159}], "date_of_purchase": "2019-01-04 12:44:00"}
{"customer_id": "C111", "basket": [{"product_id": "P40", "price": 1950}, {"product_id": "P38", "price": 173}], "date_of_purchase": "2019-01-04 18:06:00"}
{"customer_id": "C114", "basket": [{"product_id": "P12", "price": 1009}, {"product_id": "P03", "price": 505}, {"product_id": "P08", "price": 271}], "date_of_purchase": "2019-01-04 07:45:00"}
{"customer_id": "C116", "basket": [{"product_id": "P62", "price": 1094}, {"product_id": "P61", "price": 157}, {"product_id": "P61", "price": 825}], "date_of_purchase": "2019-01-04 22:31:00"}
{"customer_id": "C117", "basket": [{"product_id": "P27", "price": 753}], "date_of_purchase": "2019-01-04 10:08:00"}
{"customer_id": "C120", "basket": [{"product_id": "P42", "price": 1782}, {"product_id": "P46", "price": 251}, {"product_id": "P44", "price": 18}], "date_of_purchase": "2019-01-04 20:23:00"}
{"customer_id": "C130", "basket": [{"product_id": "P32", "price": 242}], "date_of_purchase": "2019-01-04 16:08:00"}
{"customer_id": "C137", "basket": [{"product_id": "P40", "price": 719}], "date_of_purchase": "2019-01-04 15:12:00"}
