{"customer_id": "C1", "basket": [{"product_id": "P03", "price": 816}, {"product_id": "P12", "price": 1247}, {"product_id": "P11", "price": 778}], "date_of_purchase": "2019-02-10 18:48:00"}
{"customer_id": "C7", "basket": [{"product_id": "P45", "price": 1614}, {"product_id": "P46", "price": 976}], "date_of_purchase": "2019-02-10 08:45:00"}
{"customer_id": "C12", "basket": [{"product_id": "P40", "price": 1359}, {"product_id": "P40", "price": 830}], "date_of_purchase": "2019-02-10 18:16:00"}
{"customer_id": "C25", "basket": [{"product_id": "P39", "price": 1387}, {"product_id": "P36", "price": 622}, {"product_id": "P38", "price": 266}], "date_of_purchase": "2019-02-10 15:05:00"}
{"customer_id": "C27", "basket": [{"product_id": "P62", "price": 1840}, {"product_id": "P64", "price": 958}], "date_of_purchase": "2019-02-10 16:02:00"}
{"customer_id": "C35", "basket": [{"product_id": "P34", "price": 1946}, {"product_id": "P27", "price": 1123}], "date_of_purchase": "2019-02-10 20:50:00"}
{"customer_id": "C52", "basket": [{"product_id": "P10", "price": 1351}], "date_of_purchase": "2019-02-10 17:27:00"}
{"customer_id": "C55", "basket": [{"product_id": "P07", "price": 1079}, {"product_id": "P03", "price": 1008}, {"product_id": "P07", "price": 1877}], "date_of_purchase": "2019-02-10 06:21:00"}
{"customer_id": "C60", "basket": [{"product_id": "P63", "price": 146}, {"product_id": "P63", "price": 315}], "date_of_purchase": "2019-02-10 23:27:00"}
{"customer_id": "C67", "basket": [{"product_id": "P50", "price": 1828}, {"product_id": "P59", "price": 433}, {"product_id": "P41", "price": 1444}], "date_of_purchase": "2019-02-10 23:22:00"}
{"customer_id": "C68", "basket": [{"product_id": "P62", "price": 1782}], "date_of_purchase": "2019-02-10 20:25:00"}
{"customer_id": "C76", "basket": [{"product_id": "P38", "price": 1996}, {"product_id": "P35", "price": 1198}], "date_of_purchase": "2019-02-10 11:35:00"}
{"customer_id": "C88", "basket": [{"product_id": "P38", "price": 578}, {"product_id": "P35", "price": 1858}, {"product_id": "P36", "price": 420}], "date_of_purchase": "2019-02-10 13:36:00"}
{"customer_id": "C91", "basket": [{"product_id": "P53", "price": 1387}], "date_of_purchase": "2019-02-10 03:22:00"}
{"customer_id": "C92", "basket": [{"product_id": "P35", "price": 385}, {"product_id": "P37", "price": 1224}], "date_of_purchase": "2019-02-10 06:25:00"}
{"customer_id": "C95", "basket": [{"product_id": "P36", "price": 282}, {"product_id": "P38", "price": 789}], "date_of_purchase": "2019-02-10 23:42:00"}
{"customer_id": "C101", "basket": [{"product_id": "P36", "price": 1510}, {"product_id": "P36", "price": 1693}], "date_of_purchase": "2019-02-10 08:07:00"}
{"customer_id": "C123", "basket": [{"product_id": "P53", "price": 872}], "date_of_purchase": "2019-02-10 18:33:00"}
{"customer_id": "C128", "basket": [{"product_id": "P39", "price": 630}, {"product_id": "P40", "price": 1504}], "date_of_purchase": "2019-02-10 18:57:00"}
{"customer_id": "C137", "basket": [{"product_id": "P35", "price": 1}, {"product_id": "P36", "price": 956}, {"product_id": "P40", "price": 1645}], "date_of_purchase": "2019-02-10 10:39:00"}
