{"customer_id": "C2", "basket": [{"product_id": "P05", "price": 1719}, {"product_id": "P01", "price": 1340}], "date_of_purchase": "2019-01-13 05:09:00"}
{"customer_id": "C6", "basket": [{"product_id": "P40", "price": 163}, {"product_id": "P38", "price": 45}], "date_of_purchase": "2019-01-13 02:50:00"}
{"customer_id": "C12", "basket": [{"product_id": "P58", "price": 1123}, {"product_id": "P50", "price": 652}, {"product_id": "P58", "price": 1092}], "date_of_purchase": "2019-01-13 23:31:00"}
{"customer_id": "C19", "basket": [{"product_id": "P62", "price": 898}, {"product_id": "P62", "price": 193}, {"product_id": "P62", "price": 1099}], "date_of_purchase": "2019-01-13 10:26:00"}
{"customer_id": "C27", "basket": [{"product_id": "P63", "price": 572}], "date_of_purchase": "2019-01-13 09:50:00"}
{"customer_id": "C44", "basket": [{"product_id": "P35", "price": 95}, {"product_id": "P37", "price": 319}, {"product_id": "P37", "price": 988}], "date_of_purchase": "2019-01-13 13:52:00"}
{"customer_id": "C51", "basket": [{"product_id": "P32", "price": 184}, {"product_id": "P29", "price": 1451}, {"product_id": "P28", "price": 973}], "date_of_purchase": "2019-01-13 16:16:00"}
{"customer_id": "C56", "basket": [{"product_id": "P26", "price": 274}, {"product_id": "P28", "price": 43}], "date_of_purchase": "2019-01-13 18:29:00"}
{"customer_id": "C58", "basket": [{"product_id": "P17", "price": 800}], "date_of_purchase": "2019-01-13 12:11:00"}
{"customer_id": "C64", "basket": [{"product_id": "P30", "price": 1422}, {"product_id": "P28", "price": 1158}, {"product_id": "P22", "price": 174}], "date_of_purchase": "2019-01-13 03:16:00"}
{"customer_id": "C68", "basket": [{"product_id": "P36", "price": 471}, {"product_id": "P40", "price": 1029}, {"product_id": "P39", "price": 1492}], "date_of_purchase": "2019-01-13 22:51:00"}
{"customer_id": "C69", "basket": [{"product_id": "P22", "price": 1801}, {"product_id": "P34", "price": 961}, {"product_id": "P33", "price": 274}], "date_of_purchase": "2019-01-13 19:12:00"}
{"customer_id": "C92", "basket": [{"product_id": "P40", "price": 1856}, {"product_id": "P39", "price": 584}, {"product_id": "P40", "price": 919}], "date_of_purchase": "2019-01-13 09:15:00"}
{"customer_id": "C107", "basket": [{"product_id": "P38", "price": 1872}, {"product_id": "P39", "price": 61}], "date_of_purchase": "2019-01-13 08:41:00"}
{"customer_id": "C111", "basket": [{"product_id": "P05", "price": 1521}, {"product_id": "P02", "price": 256}], "date_of_purchase": "2019-01-13 06:02:00"}
{"customer_id": "C124", "basket": [{"product_id": "P61", "price": 444}], "date_of_purchase": "2019-01-13 12:42:00"}
{"customer_id": "C127", "basket": [{"product_id": "P62", "price": 1641}, {"product_id": "P64", "price": 334}], "date_of_purchase": "2019-01-13 21:16:00"}
