{"customer_id": "C2", "basket": [{"product_id": "P11", "price": 1660}], "date_of_purchase": "2019-01-21 20:32:00"}
{"customer_id": "C11", "basket": [{"product_id": "P07", "price": 732}, {"product_id": "P07", "price": 1958}, {"product_id": "P05", "price": 1103}], "date_of_purchase": "2019-01-21 17:08:00"}
{"customer_id": "C12", "basket": [{"product_id": "P31", "price": 146}], "date_of_purchase": "2019-01-21 02:48:00"}
{"customer_id": "C13", "basket": [{"product_id": "P23", "price": 1964}], "date_of_purchase": "2019-01-21 17:45:00"}
{"customer_id": "C23", "basket": [{"product_id": "P63", "price": 307}], "date_of_purchase": "2019-01-21 13:19:00"}
{"customer_id": "C24", "basket": [{"product_id": "P30", "price": 656}], "date_of_purchase": "2019-01-21 13:26:00"}
{"customer_id": "C42", "basket": [{"product_id": "P31", "price": 1312}], "date_of_purchase": "2019-01-21 14:32:00"}
{"customer_id": "C44", "basket": [{"product_id": "P45", "price": 196}, {"product_id": "P43", "price": 1907}, {"product_id": "P54", "price": 63}], "date_of_purchase": "2019-01-21 05:25:00"}
{"customer_id": "C45", "basket": [{"product_id": "P05", "price": 1193}, {"product_id": "P02", "price": 1950}, {"product_id": "P08", "price": 1236}], "date_of_purchase": "2019-01-21 16:07:00"}
{"customer_id": "C46", "basket": [{"product_id": "P05", "price": 1126}], "date_of_purchase": "2019-01-21 10:58:00"}
{"customer_id": "C64", "basket": [{"product_id": "P25", "price": 988}, {"product_id": "P30", "price": 1085}], "date_of_purchase": "2019-01-21 13:57:00"}
{"customer_id": "C77", "basket": [{"product_id": "P06", "price": 1404}, {"product_id": "P08", "price": 1523}], "date_of_purchase": "2019-01-21 16:15:00"}
{"customer_id": "C96", "basket": [{"product_id": "P39", "price": 310}], "date_of_purchase": "2019-01-21 11:11:00"}
{"customer_id": "C103", "basket": [{"product_id": "P22", "price": 1806}], "date_of_purchase": "2019-01-21 22:14:00"}
{"customer_id": "C104", "basket": [{"product_id": "P03", "price": 445}, {"product_id": "P08", "price": 974}, {"product_id": "P12", "price": 1803}], "date_of_purchase": "2019-01-21 13:32:00"}
{"customer_id": "C111", "basket": [{"product_id": "P02", "price": 1530}, {"product_id": "P11", "price": 1987}, {"product_id": "P04", "price": 1903}], "date_of_purchase": "2019-01-21 08:27:00"}
{"customer_id": "C118", "basket": [{"product_id": "P37", "price": 1411}, {"product_id": "P37", "price": 66}], "date_of_purchase": "2019-01-21 14:16:00"}
{"customer_id": "C120", "basket": [{"product_id": "P55", "price": 147}, {"product_id": "P47", "price": 320}], "date_of_purchase": "2019-01-21 12:50:00"}
{"customer_id": "C123", "basket": [{"product_id": "P45", "price": 1690}, {"product_id": "P54", "price": 633}], "date_of_purchase": "2019-01-21 17:10:00"}
{"customer_id": "C127", "basket": [{"product_id": "P63", "price": 938}], "date_of_purchase": "2019-01-21 15:00:00"}
{"customer_id": "C129", "basket": [{"product_id": "P28", "price": 1703}], "date_of_purchase": "2019-01-21 22:58:00"}
