{"customer_id": "C1", "basket": [{"product_id": "P08", "price": 190}, {"product_id": "P01", "price": 440}, {"product_id": "P06", "price": 1925}], "date_of_purchase": "2019-02-11 06:35:00"}
{"customer_id": "C3", "basket": [{"product_id": "P37", "price": 115}], "date_of_purchase": "2019-02-11 19:21:00"}
{"customer_id": "C8", "basket": [{"product_id": "P36", "price": 1492}, {"product_id": "P37", "price": 638}, {"product_id": "P39", "price": 393}], "date_of_purchase": "2019-02-11 06:15:00"}
{"customer_id": "C25", "basket": [{"product_id": "P37", "price": 648}, {"product_id": "P39", "price": 1069}], "date_of_purchase": "2019-02-11 23:57:00"}
{"customer_id": "C33", "basket": [{"product_id": "P28", "price": 801}, {"product_id": "P22", "price": 1181}], "date_of_purchase": "2019-02-11 06:47:00"}
{"customer_id": "C40", "basket": [{"product_id": "P39", "price": 842}], "date_of_purchase": "2019-02-11 17:30:00"}
{"customer_id": "C41", "basket": [{"product_id": "P36", "price": 617}, {"product_id": "P37", "price": 532}], "date_of_purchase": "2019-02-11 17:37:00"}
{"customer_id": "C42", "basket": [{"product_id": "P32", "price": 1080}, {"product_id": "P33", "price": 590}], "date_of_purchase": "2019-02-11 06:27:00"}
{"customer_id": "C52", "basket": [{"product_id": "P28", "price": 827}], "date_of_purchase": "2019-02-11 17:12:00"}
{"customer_id": "C56", "basket": [{"product_id": "P24", "price": 937}], "date_of_purchase": "2019-02-11 17:09:00"}
{"customer_id": "C57", "basket": [{"product_id": "P63", "price": 1541}, {"product_id": "P62", "price": 1470}], "date_of_purchase": "2019-02-11 06:42:00"}
{"customer_id": "C59", "basket": [{"product_id": "P23", "price": 1725}, {"product_id": "P24", "price": 1772}, {"product_id": "P34", "price": 1698}], "date_of_purchase": "2019-02-11 12:28:00"}
{"customer_id": "C64", "basket": [{"product_id": "P24", "price": 1973}, {"product_id": "P26", "price": 1989}], "date_of_purchase": "2019-02-11 05:22:00"}
{"customer_id": "C67", "basket": [{"product_id": "P58", "price": 1112}], "date_of_purchase": "2019-02-11 22:56:00"}
{"customer_id": "C73", "basket": [{"product_id": "P40", "price": 648}, {"product_id": "P38", "price": 253}, {"product_id": "P40", "price": 1483}], "date_of_purchase": "2019-02-11 16:53:00"}
{"customer_id": "C76", "basket": [{"product_id": "P26", "price": 891}, {"product_id": "P29", "price": 1674}, {"product_id": "P27", "price": 75}], "date_of_purchase": "2019-02-11 12:52:00"}
{"customer_id": "C84", "basket": [{"product_id": "P33", "price": 214}], "date_of_purchase": "2019-02-11 08:31:00"}
{"customer_id": "C85", "basket": [{"product_id": "P32", "price": 1362}, {"product_id": "P30", "price": 1719}], "date_of_purchase": "2019-02-11 17:09:00"}
{"customer_id": "C86", "basket": [{"product_id": "P61", "price": 1282}, {"product_id": "P62", "price": 309}], "date_of_purchase": "2019-02-11 17:19:00"}
{"customer_id": "C91", "basket": [{"product_id": "P47", "price": 1429}], "date_of_purchase": "2019-02-11 09:10:00"}
{"customer_id": "C95", "basket": [{"product_id": "P49", "price": 1317}, {"product_id": "P44", "price": 1568}], "date_of_purchase": "2019-02-11 13:35:00"}
{"customer_id": "C100", "basket": [{"product_id": "P02", "price": 1353}], "date_of_purchase": "2019-02-11 07:44:00"}
{"customer_id": "C123", "basket": [{"product_id": "P58", "price": 343}], "date_of_purchase": "2019-02-11 17:45:00"}
{"customer_id": "C136", "basket": [{"product_id": "P26", "price": 48}], "date_of_purchase": "2019-02-11 15:57:00"}
