{"customer_id": "C11", "basket": [{"product_id": "P01", "price": 285}, {"product_id": "P12", "price": 1648}], "date_of_purchase": "2019-02-23 04:31:00"}
{"customer_id": "C13", "basket": [{"product_id": "P31", "price": 1845}, {"product_id": "P23", "price": 1763}, {"product_id": "P26", "price": 1943}], "date_of_purchase": "2019-02-23 04:39:00"}
{"customer_id": "C58", "basket": [{"product_id": "P35", "price": 724}, {"product_id": "P37", "price": 1974}], "date_of_purchase": "2019-02-23 04:50:00"}
{"customer_id": "C60", "basket": [{"product_id": "P48", "price": 1374}, {"product_id": "P44", "price": 692}], "date_of_purchase": "2019-02-23 09:20:00"}
{"customer_id": "C66", "basket": [{"product_id": "P02", "price": 92}, {"product_id": "P01", "price": 511}, {"product_id": "P04", "price": 1174}], "date_of_purchase": "2019-02-23 19:33:00"}
{"customer_id": "C69", "basket": [{"product_id": "P33", "price": 57}, {"product_id": "P31", "price": 510}], "date_of_purchase": "2019-02-23 03:47:00"}
{"customer_id": "C70", "basket": [{"product_id": "P38", "price": 711}, {"product_id": "P38", "price": 737}, {"product_id": "P39", "price": 1121}], "date_of_purchase": "2019-02-23 13:53:00"}
{"customer_id": "C71", "basket": [{"product_id": "P43", "price": 1282}, {"product_id": "P49", "price": 429}, {"product_id": "P43", "price": 466}], "date_of_purchase": "2019-02-23 17:51:00"}
{"customer_id": "C84", "basket": [{"product_id": "P37", "price": 1750}], "date_of_purchase": "2019-02-23 03:50:00"}
{"customer_id": "C90", "basket": [{"product_id": "P22", "price": 1142}, {"product_id": "P23", "price": 577}, {"product_id": "P23", "price": 456}], "date_of_purchase": "2019-02-23 22:37:00"}
{"customer_id": "C101", "basket": [{"product_id": "P37", "price": 1765}, {"product_id": "P36", "price": 694}, {"product_id": "P40", "price": 170}], "date_of_purchase": "2019-02-23 09:27:00"}
{"customer_id": "C103", "basket": [{"product_id": "P26", "price": 1757}], "date_of_purchase": "2019-02-23 22:25:00"}
{"customer_id": "C109", "basket": [{"product_id": "P02", "price": 1226}, {"product_id": "P05", "price": 290}, {"product_id": "P06", "price": 956}], "date_of_purchase": "2019-02-23 10:24:00"}
{"customer_id": "C110", "basket": [{"product_id": "P36", "price": 1585}, {"product_id": "P38", "price": 1389}], "date_of_purchase": "2019-02-23 21:35:00"}
{"customer_id": "C125", "basket": [{"product_id": "P14", "price": 1002}], "date_of_purchase": "2019-02-23 17:06:00"}
{"customer_id": "C126", "basket": [{"product_id": "P48", "price": 1684}, {"product_id": "P60", "price": 440}, {"product_id": "P53", "price": 604}], "date_of_purchase": "2019-02-23 09:11:00"}
{"customer_id": "C128", "basket": [{"product_id": "P37", "price": 1808}, {"product_id": "P36", "price": 1218}], "date_of_purchase": "2019-02-23 14:13:00"}
