{"customer_id": "C3", "basket": [{"product_id": "P55", "price": 1082}], "date_of_purchase": "2019-01-15 12:50:00"}
{"customer_id": "C6", "basket": [{"product_id": "P38", "price": 912}], "date_of_purchase": "2019-01-15 14:42:00"}
{"customer_id": "C18", "basket": [{"product_id": "P22", "price": 1752}, {"product_id": "P26", "price": 884}], "date_of_purchase": "2019-01-15 11:15:00"}
{"customer_id": "C20", "basket": [{"product_id": "P57", "price": 100}], "date_of_purchase": "2019-01-15 06:01:00"}
{"customer_id": "C30", "basket": [{"product_id": "P38", "price": 453}, {"product_id": "P35", "price": 791}], "date_of_purchase": "2019-01-15 11:15:00"}
{"customer_id": "C32", "basket": [{"product_id": "P38", "price": 1206}, {"product_id": "P40", "price": 253}, {"product_id": "P35", "price": 459}], "date_of_purchase": "2019-01-15 05:14:00"}
{"customer_id": "C34", "basket": [{"product_id": "P63", "price": 47}, {"product_id": "P63", "price": 1051}], "date_of_purchase": "2019-01-15 05:36:00"}
{"customer_id": "C38", "basket": [{"product_id": "P60", "price": 952}, {"product_id": "P49", "price": 65}, {"product_id": "P52", "price": 499}], "date_of_purchase": "2019-01-15 16:26:00"}
{"customer_id": "C47", "basket": [{"product_id": "P34", "price": 1241}], "date_of_purchase": "2019-01-15 12:58:00"}
{"customer_id": "C51", "basket": [{"product_id": "P52", "price": 1253}], "date_of_purchase": "2019-01-15 13:47:00"}
{"customer_id": "C56", "basket": [{"product_id": "P31", "price": 558}, {"product_id": "P28", "price": 1911}], "date_of_purchase": "2019-01-15 23:36:00"}
{"customer_id": "C58", "basket": [{"product_id": "P36", "price": 60}], "date_of_purchase": "2019-01-15 12:10:00"}
{"customer_id": "C60", "basket": [{"product_id": "P62", "price": 381}, {"product_id": "P63", "price": 1904}, {"product_id": "P62", "price": 971}], "date_of_purchase": "2019-01-15 21:21:00"}
{"customer_id": "C70", "basket": [{"product_id": "P35", "price": 152}, {"product_id": "P40", "price": 1904}, {"product_id": "P36", "price": 210}], "date_of_purchase": "2019-01-15 09:18:00"}
{"customer_id": "C72", "basket": [{"product_id": "P10", "price": 1817}, {"product_id": "P04", "price": 116}, {"product_id": "P09", "price": 1413}], "date_of_purchase": "2019-01-15 18:29:00"}
{"customer_id": "C83", "basket": [{"product_id": "P39", "price": 1744}, {"product_id": "P37", "price": 1798}, {"product_id": "P38", "price": 926}], "date_of_purchase": "2019-01-15 20:23:00"}
{"customer_id": "C88", "basket": [{"product_id": "P25", "price": 68}], "date_of_purchase": "2019-01-15 11:05:00"}
{"customer_id": "C90", "basket": [{"product_id": "P24", "price": 912}, {"product_id": "P31", "price": 1545}, {"product_id": "P25", "price": 1869}], "date_of_purchase": "2019-01-15 10:00:00"}
{"customer_id": "C95", "basket": [{"product_id": "P35", "price": 1255}, {"product_id": "P35", "price": 1624}, {"product_id": "P37", "price": 171}], "date_of_purchase": "2019-01-15 06:58:00"}
{"customer_id": "C96", "basket": [{"product_id": "P30", "price": 1113}, {"product_id": "P22", "price": 1662}, {"product_id": "P26", "price": 1703}], "date_of_purchase": "2019-01-15 13:45:00"}
{"customer_id": "C101", "basket": [{"product_id": "P36", "price": 949}], "date_of_purchase": "2019-01-15 19:10:00"}
{"customer_id": "C107", "basket": [{"product_id": "P35", "price": 1099}, {"product_id": "P35", "price": 1923}], "date_of_purchase": "2019-01-15 16:19:00"}
{"customer_id": "C119", "basket": [{"product_id": "P34", "price": 1761}, {"product_id": "P29", "price": 478}], "date_of_purchase": "2019-01-15 22:53:00"}
{"customer_id": "C121", "basket": [{"product_id": "P34", "price": 1642}], "date_of_purchase": "2019-01-15 10:09:00"}
{"customer_id": "C130", "basket": [{"product_id": "P23", "price": 1139}], "date_of_purchase": "2019-01-15 19:44:00"}
