{"customer_id": "C6", "basket": [{"product_id": "P21", "price": 705}], "date_of_purchase": "2019-02-04 08:44:00"}
{"customer_id": "C10", "basket": [{"product_id": "P31", "price": 1470}, {"product_id": "P23", "price": 901}, {"product_id": "P29", "price": 1941}], "date_of_purchase": "2019-02-04 19:49:00"}
{"customer_id": "C12", "basket": [{"product_id": "P38", "price": 1367}], "date_of_purchase": "2019-02-04 12:45:00"}
{"customer_id": "C15", "basket": [{"product_id": "P64", "price": 1812}, {"product_id": "P62", "price": 594}], "date_of_purchase": "2019-02-04 20:32:00"}
{"customer_id": "C18", "basket": [{"product_id": "P32", "price": 883}, {"product_id": "P27", "price": 42}, {"product_id": "P22", "price": 336}], "date_of_purchase": "2019-02-04 14:51:00"}
{"customer_id": "C19", "basket": [{"product_id": "P62", "price": 858}, {"product_id": "P62", "price": 1754}, {"product_id": "P61", "price": 1759}], "date_of_purchase": "2019-02-04 07:08:00"}
{"customer_id": "C24", "basket": [{"product_id": "P29", "price": 719}], "date_of_purchase": "2019-02-04 12:22:00"}
{"customer_id": "C27", "basket": [{"product_id": "P63", "price": 543}], "date_of_purchase": "2019-02-04 03:48:00"}
{"customer_id": "C34", "basket": [{"product_id": "P01", "price": 272}, {"product_id": "P08", "price": 304}, {"product_id": "P05", "price": 370}], "date_of_purchase": "2019-02-04 12:41:00"}
{"customer_id": "C35", "basket": [{"product_id": "P64", "price": 1509}, {"product_id": "P64", "price": 238}, {"product_id": "P62", "price": 177}], "date_of_purchase": "2019-02-04 09:32:00"}
{"customer_id": "C48", "basket": [{"product_id": "P54", "price": 1822}], "date_of_purchase": "2019-02-04 11:44:00"}
{"customer_id": "C56", "basket": [{"product_id": "P22", "price": 561}, {"product_id": "P31", "price": 1816}, {"product_id": "P30", "price": 1408}], "date_of_purchase": "2019-02-04 07:02:00"}
{"customer_id": "C71", "basket": [{"product_id": "P59", "price": 1995}, {"product_id": "P58", "price": 1173}, {"product_id": "P55", "price": 95}], "date_of_purchase": "2019-02-04 13:44:00"}
{"customer_id": "C92", "basket": [{"product_id": "P08", "price": 49}, {"product_id": "P04", "price": 1546}, {"product_id": "P05", "price": 1615}], "date_of_purchase": "2019-02-04 23:48:00"}
{"customer_id": "C93", "basket": [{"product_id": "P29", "price": 768}, {"product_id": "P33", "price": 1243}], "date_of_purchase": "2019-02-04 23:06:00"}
{"customer_id": "C118", "basket": [{"product_id": "P26", "price": 501}], "date_of_purchase": "2019-02-04 18:48:00"}
{"customer_id": "C124", "basket": [{"product_id": "P35", "price": 1506}], "date_of_purchase": "2019-02-04 14:32:00"}
{"customer_id": "C128", "basket": [{"product_id": "P35", "price": 1840}, {"product_id": "P37", "price": 179}], "date_of_purchase": "2019-02-04 17:40:00"}
