{"customer_id": "C6", "basket": [{"product_id": "P10", "price": 1363}, {"product_id": "P12", "price": 109}, {"product_id": "P07", "price": 1493}], "date_of_purchase": "2019-02-21 14:28:00"}
{"customer_id": "C12", "basket": [{"product_id": "P25", "price": 1648}, {"product_id": "P31", "price": 132}, {"product_id": "P23", "price": 1283}], "date_of_purchase": "2019-02-21 05:24:00"}
{"customer_id": "C14", "basket": [{"product_id": "P20", "price": 1414}], "date_of_purchase": "2019-02-21 17:00:00"}
{"customer_id": "C20", "basket": [{"product_id": "P44", "price": 1826}, {"product_id": "P58", "price": 401}], "date_of_purchase": "2019-02-21 16:12:00"}
{"customer_id": "C35", "basket": [{"product_id": "P62", "price": 1367}], "date_of_purchase": "2019-02-21 16:52:00"}
{"customer_id": "C42", "basket": [{"product_id": "P33", "price": 202}, {"product_id": "P28", "price": 1816}], "date_of_purchase": "2019-02-21 13:37:00"}
{"customer_id": "C52", "basket": [{"product_id": "P29", "price": 317}, {"product_id": "P33", "price": 269}], "date_of_purchase": "2019-02-21 06:22:00"}
{"customer_id": "C53", "basket": [{"product_id": "P33", "price": 1619}, {"product_id": "P25", "price": 308}, {"product_id": "P33", "price": 1451}], "date_of_purchase": "2019-02-21 19:08:00"}
{"customer_id": "C55", "basket": [{"product_id": "P15", "price": 1694}, {"product_id": "P14", "price": 815}, {"product_id": "P14", "price": 16}], "date_of_purchase": "2019-02-21 22:16:00"}
{"customer_id": "C56", "basket": [{"product_id": "P25", "price": 1248}], "date_of_purchase": "2019-02-21 04:42:00"}
{"customer_id": "C81", "basket": [{"product_id": "P15", "price": 419}, {"product_id": "P20", "price": 546}, {"product_id": "P18", "price": 1681}], "date_of_purchase": "2019-02-21 08:34:00"}
{"customer_id": "C85", "basket": [{"product_id": "P64", "price": 1418}, {"product_id": "P63", "price": 1130}, {"product_id": "P62", "price": 274}], "date_of_purchase": "2019-02-21 19:12:00"}
{"customer_id": "C86", "basket": [{"product_id": "P32", "price": 1989}], "date_of_purchase": "2019-02-21 05:33:00"}
{"customer_id": "C92", "basket": [{"product_id": "P63", "price": 1423}, {"product_id": "P63", "price": 1614}], "date_of_purchase": "2019-02-21 14:54:00"}
{"customer_id": "C94", "basket": [{"product_id": "P31", "price": 210}], "date_of_purchase": "2019-02-21 18:09:00"}
{"customer_id": "C95", "basket": [{"product_id": "P44", "price": 1682}, {"product_id": "P44", "price": 724}], "date_of_purchase": "2019-02-21 09:25:00"}
{"customer_id": "C96", "basket": [{"product_id": "P15", "price": 1563}], "date_of_purchase": "2019-02-21 22:39:00"}
{"customer_id": "C99", "basket": [{"product_id": "P53", "price": 508}, {"product_id": "P45", "price": 1162}, {"product_id": "P60", "price": 1194}], "date_of_purchase": "2019-02-21 10:52:00"}
{"customer_id": "C101", "basket": [{"product_id": "P39", "price": 1374}, {"product_id": "P39", "price": 22}, {"product_id": "P36", "price": 669}], "date_of_purchase": "2019-02-21 12:26:00"}
{"customer_id": "C106", "basket": [{"product_id": "P18", "price": 1242}, {"product_id": "P19", "price": 184}, {"product_id": "P16", "price": 705}], "date_of_purchase": "2019-02-21 11:49:00"}
{"customer_id": "C111", "basket": [{"product_id": "P09", "price": 1225}, {"product_id": "P10", "price": 348}], "date_of_purchase": "2019-02-21 23:17:00"}
{"customer_id": "C113", "basket": [{"product_id": "P37", "price": 448}, {"product_id": "P37", "price": 29}], "date_of_purchase": "2019-02-21 21:51:00"}
{"customer_id": "C114", "basket": [{"product_id": "P60", "price": 1482}], "date_of_purchase": "2019-02-21 20:01:00"}
{"customer_id": "C115", "basket": [{"product_id": "P26", "price": 1831}], "date_of_purchase": "2019-02-21 16:29:00"}
{"customer_id": "C118", "basket": [{"product_id": "P39", "price": 1405}, {"product_id": "P38", "price": 1788}], "date_of_purchase": "2019-02-21 05:41:00"}
{"customer_id": "C132", "basket": [{"product_id": "P24", "price": 1031}, {"product_id": "P22", "price": 1143}, {"product_id": "P29", "price": 730}], "date_of_purchase": "2019-02-21 08:30:00"}
{"customer_id": "C137", "basket": [{"product_id": "P44", "price": 1077}], "date_of_purchase": "2019-02-21 09:15:00"}
