{"customer_id": "C5", "basket": [{"product_id": "P04", "price": 1820}], "date_of_purchase": "2018-12-19 03:12:00"}
{"customer_id": "C23", "basket": [{"product_id": "P46", "price": 196}, {"product_id": "P53", "price": 1676}, {"product_id": "P41", "price": 556}], "date_of_purchase": "2018-12-19 10:59:00"}
{"customer_id": "C33", "basket": [{"product_id": "P28", "price": 1303}], "date_of_purchase": "2018-12-19 21:28:00"}
{"customer_id": "C35", "basket": [{"product_id": "P29", "price": 910}, {"product_id": "P23", "price": 690}, {"product_id": "P30", "price": 1777}], "date_of_purchase": "2018-12-19 22:48:00"}
{"customer_id": "C42", "basket": [{"product_id": "P34", "price": 953}, {"product_id": "P23", "price": 1287}, {"product_id": "P29", "price": 234}], "date_of_purchase": "2018-12-19 12:53:00"}
{"customer_id": "C43", "basket": [{"product_id": "P22", "price": 1269}, {"product_id": "P28", "price": 523}], "date_of_purchase": "2018-12-19 04:09:00"}
{"customer_id": "C49", "basket": [{"product_id": "P37", "price": 1951}], "date_of_purchase": "2018-12-19 21:33:00"}
{"customer_id": "C50", "basket": [{"product_id": "P24", "price": 904}, {"product_id": "P23", "price": 1242}, {"product_id": "P30", "price": 804}], "date_of_purchase": "2018-12-19 10:43:00"}
{"customer_id": "C54", "basket": [{"product_id": "P31", "price": 1254}, {"product_id": "P32", "price": 1441}, {"product_id": "P34", "price": 715}], "date_of_purchase": "2018-12-19 21:52:00"}
{"customer_id": "C56", "basket": [{"product_id": "P29", "price": 826}, {"product_id": "P32", "price": 305}, {"product_id": "P34", "price": 1945}], "date_of_purchase": "2018-12-19 03:50:00"}
{"customer_id": "C64", "basket": [{"product_id": "P33", "price": 1683}, {"product_id": "P30", "price": 1745}], "date_of_purchase": "2018-12-19 16:43:00"}
{"customer_id": "C68", "basket": [{"product_id": "P62", "price": 1080}, {"product_id": "P64", "price": 1520}], "date_of_purchase": "2018-12-19 11:58:00"}
{"customer_id": "C74", "basket": [{"product_id": "P58", "price": 1558}], "date_of_purchase": "2018-12-19 03:10:00"}
{"customer_id": "C83", "basket": [{"product_id": "P55", "price": 322}, {"product_id": "P48", "price": 1218}, {"product_id": "P55", "price": 402}], "date_of_purchase": "2018-12-19 03:16:00"}
{"customer_id": "C88", "basket": [{"product_id": "P40", "price": 1284}, {"product_id": "P36", "price": 1337}, {"product_id": "P36", "price": 274}], "date_of_purchase": "2018-12-19 18:33:00"}
{"customer_id": "C90", "basket": [{"product_id": "P31", "price": 1269}, {"product_id": "P31", "price": 1700}], "date_of_purchase": "2018-12-19 16:10:00"}
{"customer_id": "C103", "basket": [{"product_id": "P24", "price": 1321}, {"product_id": "P30", "price": 1310}], "date_of_purchase": "2018-12-19 15:47:00"}
{"customer_id": "C110", "basket": [{"product_id": "P64", "price": 1478}, {"product_id": "P64", "price": 25}, {"product_id": "P61", "price": 67}], "date_of_purchase": "2018-12-19 20:18:00"}
{"customer_id": "C124", "basket": [{"product_id": "P39", "price": 1346}, {"product_id": "P38", "price": 897}, {"product_id": "P38", "price": 863}], "date_of_purchase": "2018-12-19 04:53:00"}
{"customer_id": "C126", "basket": [{"product_id": "P01", "price": 1307}], "date_of_purchase": "2018-12-19 12:06:00"}
