{"customer_id": "C13", "basket": [{"product_id": "P35", "price": 438}], "date_of_purchase": "2018-12-22 20:56:00"}
{"customer_id": "C22", "basket": [{"product_id": "P09", "price": 382}, {"product_id": "P03", "price": 602}, {"product_id": "P10", "price": 794}], "date_of_purchase": "2018-12-22 23:27:00"}
{"customer_id": "C26", "basket": [{"product_id": "P06", "price": 984}, {"product_id": "P05", "price": 1721}], "date_of_purchase": "2018-12-22 09:26:00"}
{"customer_id": "C43", "basket": [{"product_id": "P45", "price": 1832}, {"product_id": "P60", "price": 271}], "date_of_purchase": "2018-12-22 21:55:00"}
{"customer_id": "C62", "basket": [{"product_id": "P11", "price": 382}, {"product_id": "P08", "price": 432}, {"product_id": "P07", "price": 346}], "date_of_purchase": "2018-12-22 10:12:00"}
{"customer_id": "C68", "basket": [{"product_id": "P36", "price": 186}], "date_of_purchase": "2018-12-22 10:53:00"}
{"customer_id": "C78", "basket": [{"product_id": "P40", "price": 1213}, {"product_id": "P37", "price": 892}], "date_of_purchase": "2018-12-22 12:19:00"}
{"customer_id": "C79", "basket": [{"product_id": "P36", "price": 1401}], "date_of_purchase": "2018-12-22 19:39:00"}
{"customer_id": "C80", "basket": [{"product_id": "P17", "price": 606}, {"product_id": "P21", "price": 118}], "date_of_purchase": "2018-12-22 08:06:00"}
{"customer_id": "C93", "basket": [{"product_id": "P30", "price": 1684}, {"product_id": "P25", "price": 1952}], "date_of_purchase": "2018-12-22 05:16:00"}
{"customer_id": "C104", "basket": [{"product_id": "P12", "price": 1517}, {"product_id": "P10", "price": 1607}, {"product_id": "P10", "price": 907}], "date_of_purchase": "2018-12-22 13:28:00"}
{"customer_id": "C105", "basket": [{"product_id": "P62", "price": 149}, {"product_id": "P64", "price": 429}], "date_of_purchase": "2018-12-22 16:47:00"}
{"customer_id": "C109", "basket": [{"product_id": "P29", "price": 1311}, {"product_id": "P24", "price": 1889}], "date_of_purchase": "2018-12-22 17:03:00"}
{"customer_id": "C115", "basket": [{"product_id": "P38", "price": 316}], "date_of_purchase": "2018-12-22 12:08:00"}
{"customer_id": "C119", "basket": [{"product_id": "P01", "price": 1921}, {"product_id": "P02", "price": 1146}, {"product_id": "P05", "price": 1938}], "date_of_purchase": "2018-12-22 13:07:00"}
{"customer_id": "C122", "basket": [{"product_id": "P47", "price": 1942}, {"product_id": "P43", "price": 1178}, {"product_id": "P46", "price": 589}], "date_of_purchase": "2018-12-22 07:34:00"}
{"customer_id": "C123", "basket": [{"product_id": "P41", "price": 1784}], "date_of_purchase": "2018-12-22 10:50:00"}
{"customer_id": "C134", "basket": [{"product_id": "P37", "price": 562}, {"product_id": "P38", "price": 850}, {"product_id": "P40", "price": 1149}], "date_of_purchase": "2018-12-22 22:13:00"}
{"customer_id": "C137", "basket": [{"product_id": "P54", "price": 1971}, {"product_id": "P53", "price": 1858}, {"product_id": "P59", "price": 432}], "date_of_purchase": "2018-12-22 05:53:00"}
