{"customer_id": "C3", "basket": [{"product_id": "P52", "price": 913}], "date_of_purchase": "2018-12-31 18:21:00"}
{"customer_id": "C16", "basket": [{"product_id": "P35", "price": 483}, {"product_id": "P39", "price": 513}, {"product_id": "P40", "price": 1133}], "date_of_purchase": "2018-12-31 11:26:00"}
{"customer_id": "C18", "basket": [{"product_id": "P25", "price": 179}, {"product_id": "P23", "price": 355}], "date_of_purchase": "2018-12-31 04:51:00"}
{"customer_id": "C25", "basket": [{"product_id": "P36", "price": 1644}, {"product_id": "P39", "price": 752}], "date_of_purchase": "2018-12-31 20:30:00"}
{"customer_id": "C32", "basket": [{"product_id": "P47", "price": 1258}, {"product_id": "P43", "price": 1958}, {"product_id": "P46", "price": 1952}], "date_of_purchase": "2018-12-31 14:48:00"}
{"customer_id": "C35", "basket": [{"product_id": "P33", "price": 360}], "date_of_purchase": "2018-12-31 21:15:00"}
{"customer_id": "C45", "basket": [{"product_id": "P25", "price": 112}, {"product_id": "P25", "price": 1845}], "date_of_purchase": "2018-12-31 04:10:00"}
{"customer_id": "C51", "basket": [{"product_id": "P43", "price": 662}, {"product_id": "P55", "price": 1970}], "date_of_purchase": "2018-12-31 14:17:00"}
{"customer_id": "C54", "basket": [{"product_id": "P33", "price": 1004}, {"product_id": "P24", "price": 988}], "date_of_purchase": "2018-12-31 18:27:00"}
{"customer_id": "C63", "basket": [{"product_id": "P39", "price": 1891}, {"product_id": "P38", "price": 1318}, {"product_id": "P39", "price": 1317}], "date_of_purchase": "2018-12-31 23:14:00"}
{"customer_id": "C64", "basket": [{"product_id": "P30", "price": 1362}, {"product_id": "P30", "price": 1365}, {"product_id": "P25", "price": 168}], "date_of_purchase": "2018-12-31 11:38:00"}
{"customer_id": "C67", "basket": [{"product_id": "P54", "price": 1369}], "date_of_purchase": "2018-12-31 21:18:00"}
{"customer_id": "C68", "basket": [{"product_id": "P38", "price": 1013}, {"product_id": "P40", "price": 1030}], "date_of_purchase": "2018-12-31 03:17:00"}
{"customer_id": "C85", "basket": [{"product_id": "P61", "price": 1039}], "date_of_purchase": "2018-12-31 06:42:00"}
{"customer_id": "C86", "basket": [{"product_id": "P34", "price": 1959}, {"product_id": "P25", "price": 1517}], "date_of_purchase": "2018-12-31 22:12:00"}
{"customer_id": "C91", "basket": [{"product_id": "P55", "price": 400}, {"product_id": "P59", "price": 367}, {"product_id": "P49", "price": 1594}], "date_of_purchase": "2018-12-31 14:35:00"}
{"customer_id": "C93", "basket": [{"product_id": "P23", "price": 231}, {"product_id": "P27", "price": 1577}], "date_of_purchase": "2018-12-31 12:24:00"}
{"customer_id": "C100", "basket": [{"product_id": "P04", "price": 1169}, {"product_id": "P08", "price": 1051}], "date_of_purchase": "2018-12-31 04:08:00"}
{"customer_id": "C103", "basket": [{"product_id": "P23", "price": 1531}, {"product_id": "P32", "price": 1706}, {"product_id": "P33", "price": 214}], "date_of_purchase": "2018-12-31 10:08:00"}
{"customer_id": "C107", "basket": [{"product_id": "P07", "price": 1661}], "date_of_purchase": "2018-12-31 10:45:00"}
{"customer_id": "C114", "basket": [{"product_id": "P04", "price": 352}, {"product_id": "P04", "price": 137}, {"product_id": "P11", "price": 1809}], "date_of_purchase": "2018-12-31 18:59:00"}
{"customer_id": "C132", "basket": [{"product_id": "P29", "price": 1696}, {"product_id": "P27", "price": 519}], "date_of_purchase": "2018-12-31 23:55:00"}
{"customer_id": "C137", "basket": [{"product_id": "P36", "price": 1935}], "date_of_purchase": "2018-12-31 11:12:00"}
