{"customer_id": "C16", "basket": [{"product_id": "P36", "price": 128}, {"product_id": "P38", "price": 1876}], "date_of_purchase": "2018-12-08 12:43:00"}
{"customer_id": "C20", "basket": [{"product_id": "P53", "price": 1416}, {"product_id": "P53", "price": 831}], "date_of_purchase": "2018-12-08 14:22:00"}
{"customer_id": "C23", "basket": [{"product_id": "P64", "price": 1295}], "date_of_purchase": "2018-12-08 10:23:00"}
{"customer_id": "C26", "basket": [{"product_id": "P11", "price": 1965}], "date_of_purchase": "2018-12-08 19:25:00"}
{"customer_id": "C30", "basket": [{"product_id": "P37", "price": 645}], "date_of_purchase": "2018-12-08 14:26:00"}
{"customer_id": "C38", "basket": [{"product_id": "P43", "price": 1031}], "date_of_purchase": "2018-12-08 17:07:00"}
{"customer_id": "C41", "basket": [{"product_id": "P57", "price": 520}], "date_of_purchase": "2018-12-08 09:55:00"}
{"customer_id": "C43", "basket": [{"product_id": "P36", "price": 204}, {"product_id": "P35", "price": 1446}], "date_of_purchase": "2018-12-08 18:53:00"}
{"customer_id": "C46", "basket": [{"product_id": "P39", "price": 551}], "date_of_purchase": "2018-12-08 10:11:00"}
{"customer_id": "C56", "basket": [{"product_id": "P24", "price": 1599}, {"product_id": "P23", "price": 314}], "date_of_purchase": "2018-12-08 10:20:00"}
{"customer_id": "C61", "basket": [{"product_id": "P34", "price": 817}, {"product_id": "P26", "price": 171}, {"product_id": "P24", "price": 1677}], "date_of_purchase": "2018-12-08 21:58:00"}
{"customer_id": "C84", "basket": [{"product_id": "P25", "price": 1927}, {"product_id": "P30", "price": 58}], "date_of_purchase": "2018-12-08 03:03:00"}
{"customer_id": "C85", "basket": [{"product_id": "P22", "price": 234}, {"product_id": "P26", "price": 1039}, {"product_id": "P25", "price": 754}], "date_of_purchase": "2018-12-08 19:44:00"}
{"customer_id": "C88", "basket": [{"product_id": "P39", "price": 1462}], "date_of_purchase": "2018-12-08 21:06:00"}
{"customer_id": "C91", "basket": [{"product_id": "P58", "price": 662}], "date_of_purchase": "2018-12-08 13:37:00"}
{"customer_id": "C93", "basket": [{"product_id": "P31", "price": 1975}], "date_of_purchase": "2018-12-08 18:55:00"}
{"customer_id": "C96", "basket": [{"product_id": "P14", "price": 458}], "date_of_purchase": "2018-12-08 23:08:00"}
{"customer_id": "C98", "basket": [{"product_id": "P35", "price": 1300}], "date_of_purchase": "2018-12-08 06:07:00"}
{"customer_id": "C100", "basket": [{"product_id": "P29", "price": 993}, {"product_id": "P22", "price": 1482}, {"product_id": "P27", "price": 823}], "date_of_purchase": "2018-12-08 04:16:00"}
{"customer_id": "C101", "basket": [{"product_id": "P40", "price": 1847}], "date_of_purchase": "2018-12-08 15:11:00"}
{"customer_id": "C106", "basket": [{"product_id": "P16", "price": 639}, {"product_id": "P20", "price": 434}], "date_of_purchase": "2018-12-08 08:41:00"}
{"customer_id": "C128", "basket": [{"product_id": "P35", "price": 28}, {"product_id": "P39", "price": 223}], "date_of_purchase": "2018-12-08 05:22:00"}
{"customer_id": "C130", "basket": [{"product_id": "P59", "price": 1129}], "date_of_purchase": "2018-12-08 13:27:00"}
{"customer_id": "C134", "basket": [{"product_id": "P10", "price": 309}, {"product_id": "P04", "price": 341}], "date_of_purchase": "2018-12-08 12:15:00"}
{"customer_id": "C137", "basket": [{"product_id": "P48", "price": 952}], "date_of_purchase": "2018-12-08 09:42:00"}
