{"customer_id": "C15", "basket": [{"product_id": "P63", "price": 1990}, {"product_id": "P62", "price": 1261}], "date_of_purchase": "2018-12-24 05:47:00"}
{"customer_id": "C29", "basket": [{"product_id": "P08", "price": 113}, {"product_id": "P01", "price": 327}], "date_of_purchase": "2018-12-24 21:53:00"}
{"customer_id": "C37", "basket": [{"product_id": "P34", "price": 1625}, {"product_id": "P22", "price": 628}], "date_of_purchase": "2018-12-24 05:06:00"}
{"customer_id": "C43", "basket": [{"product_id": "P50", "price": 1878}, {"product_id": "P60", "price": 1920}, {"product_id": "P47", "price": 510}], "date_of_purchase": "2018-12-24 12:29:00"}
{"customer_id": "C65", "basket": [{"product_id": "P04", "price": 1019}, {"product_id": "P10", "price": 542}, {"product_id": "P06", "price": 990}], "date_of_purchase": "2018-12-24 08:48:00"}
{"customer_id": "C68", "basket": [{"product_id": "P01", "price": 1480}], "date_of_purchase": "2018-12-24 12:15:00"}
{"customer_id": "C72", "basket": [{"product_id": "P08", "price": 736}], "date_of_purchase": "2018-12-24 07:10:00"}
{"customer_id": "C76", "basket": [{"product_id": "P34", "price": 835}, {"product_id": "P29", "price": 915}], "date_of_purchase": "2018-12-24 17:35:00"}
{"customer_id": "C77", "basket": [{"product_id": "P23", "price": 93}], "date_of_purchase": "2018-12-24 20:30:00"}
{"customer_id": "C79", "basket": [{"product_id": "P55", "price": 1271}], "date_of_purchase": "2018-12-24 21:33:00"}
{"customer_id": "C83", "basket": [{"product_id": "P45", "price": 1966}, {"product_id": "P49", "price": 818}], "date_of_purchase": "2018-12-24 11:11:00"}
{"customer_id": "C85", "basket": [{"product_id": "P39", "price": 215}, {"product_id": "P36", "price": 781}, {"product_id": "P40", "price": 79}], "date_of_purchase": "2018-12-24 23:36:00"}
{"customer_id": "C87", "basket": [{"product_id": "P26", "price": 746}, {"product_id": "P28", "price": 773}], "date_of_purchase": "2018-12-24 16:29:00"}
{"customer_id": "C88", "basket": [{"product_id": "P39", "price": 929}, {"product_id": "P39", "price": 1447}], "date_of_purchase": "2018-12-24 04:14:00"}
{"customer_id": "C90", "basket": [{"product_id": "P27", "price": 1586}, {"product_id": "P31", "price": 487}], "date_of_purchase": "2018-12-24 03:00:00"}
{"customer_id": "C93", "basket": [{"product_id": "P09", "price": 389}, {"product_id": "P07", "price": 1582}, {"product_id": "P08", "price": 631}], "date_of_purchase": "2018-12-24 12:26:00"}
{"customer_id": "C101", "basket": [{"product_id": "P52", "price": 1942}, {"product_id": "P58", "price": 622}, {"product_id": "P60", "price": 291}], "date_of_purchase": "2018-12-24 10:27:00"}
{"customer_id": "C103", "basket": [{"product_id": "P33", "price": 1324}, {"product_id": "P29", "price": 123}, {"product_id": "P33", "price": 1860}], "date_of_purchase": "2018-12-24 06:38:00"}
{"customer_id": "C111", "basket": [{"product_id": "P01", "price": 1706}], "date_of_purchase": "2018-12-24 21:39:00"}
{"customer_id": "C116", "basket": [{"product_id": "P53", "price": 1630}, {"product_id": "P53", "price": 372}], "date_of_purchase": "2018-12-24 22:32:00"}
{"customer_id": "C123", "basket": [{"product_id": "P41", "price": 1517}, {"product_id": "P59", "price": 1852}], "date_of_purchase": "2018-12-24 20:23:00"}
{"customer_id": "C125", "basket": [{"product_id": "P20", "price": 1470}], "date_of_purchase": "2018-12-24 22:23:00"}
{"customer_id": "C135", "basket": [{"product_id": "P50", "price": 616}, {"product_id": "P54", "price": 1256}], "date_of_purchase": "2018-12-24 07:48:00"}
