{"customer_id": "C12", "basket": [{"product_id": "P40", "price": 1261}], "date_of_purchase": "2018-12-25 18:00:00"}
{"customer_id": "C18", "basket": [{"product_id": "P40", "price": 1683}], "date_of_purchase": "2018-12-25 09:42:00"}
{"customer_id": "C20", "basket": [{"product_id": "P56", "price": 1440}], "date_of_purchase": "2018-12-25 10:40:00"}
{"customer_id": "C23", "basket": [{"product_id": "P30", "price": 8}], "date_of_purchase": "2018-12-25 03:17:00"}
{"customer_id": "C26", "basket": [{"product_id": "P04", "price": 940}, {"product_id": "P11", "price": 1886}], "date_of_purchase": "2018-12-25 20:18:00"}
{"customer_id": "C28", "basket": [{"product_id": "P44", "price": 667}, {"product_id": "P58", "price": 1757}], "date_of_purchase": "2018-12-25 13:56:00"}
{"customer_id": "C81", "basket": [{"product_id": "P63", "price": 1243}, {"product_id": "P61", "price": 1657}, {"product_id": "P63", "price": 1523}], "date_of_purchase": "2018-12-25 13:38:00"}
{"customer_id": "C82", "basket": [{"product_id": "P35", "price": 227}, {"product_id": "P38", "price": 1212}, {"product_id": "P37", "price": 597}], "date_of_purchase": "2018-12-25 23:09:00"}
{"customer_id": "C84", "basket": [{"product_id": "P22", "price": 1746}], "date_of_purchase": "2018-12-25 23:46:00"}
{"customer_id": "C85", "basket": [{"product_id": "P27", "price": 959}], "date_of_purchase": "2018-12-25 07:01:00"}
{"customer_id": "C88", "basket": [{"product_id": "P40", "price": 819}, {"product_id": "P40", "price": 896}, {"product_id": "P39", "price": 1755}], "date_of_purchase": "2018-12-25 21:19:00"}
{"customer_id": "C91", "basket": [{"product_id": "P46", "price": 935}], "date_of_purchase": "2018-12-25 18:08:00"}
{"customer_id": "C97", "basket": [{"product_id": "P15", "price": 664}, {"product_id": "P13", "price": 1934}, {"product_id": "P13", "price": 1390}], "date_of_purchase": "2018-12-25 19:46:00"}
{"customer_id": "C116", "basket": [{"product_id": "P44", "price": 1671}, {"product_id": "P58", "price": 976}, {"product_id": "P47", "price": 1431}], "date_of_purchase": "2018-12-25 03:21:00"}
{"customer_id": "C118", "basket": [{"product_id": "P26", "price": 1481}, {"product_id": "P33", "price": 243}], "date_of_purchase": "2018-12-25 23:31:00"}
{"customer_id": "C124", "basket": [{"product_id": "P40", "price": 1180}, {"product_id": "P39", "price": 646}], "date_of_purchase": "2018-12-25 14:53:00"}
