{"customer_id": "C1", "basket": [{"product_id": "P01", "price": 1439}, {"product_id": "P02", "price": 530}], "date_of_purchase": "2019-01-22 19:36:00"}
{"customer_id": "C7", "basket": [{"product_id": "P50", "price": 1122}, {"product_id": "P45", "price": 1648}, {"product_id": "P43", "price": 1669}], "date_of_purchase": "2019-01-22 08:00:00"}
{"customer_id": "C11", "basket": [{"product_id": "P05", "price": 735}, {"product_id": "P06", "price": 1066}], "date_of_purchase": "2019-01-22 07:37:00"}
{"customer_id": "C15", "basket": [{"product_id": "P30", "price": 673}, {"product_id": "P25", "price": 864}, {"product_id": "P33", "price": 479}], "date_of_purchase": "2019-01-22 05:09:00"}
{"customer_id": "C18", "basket": [{"product_id": "P25", "price": 1245}, {"product_id": "P25", "price": 1949}, {"product_id": "P25", "price": 620}], "date_of_purchase": "2019-01-22 20:27:00"}
{"customer_id": "C20", "basket": [{"product_id": "P52", "price": 1385}], "date_of_purchase": "2019-01-22 14:31:00"}
{"customer_id": "C25", "basket": [{"product_id": "P38", "price": 53}], "date_of_purchase": "2019-01-22 13:44:00"}
{"customer_id": "C30", "basket": [{"product_id": "P40", "price": 1708}, {"product_id": "P36", "price": 1947}, {"product_id": "P38", "price": 1215}], "date_of_purchase": "2019-01-22 06:36:00"}
{"customer_id": "C34", "basket": [{"product_id": "P30", "price": 1275}, {"product_id": "P26", "price": 729}], "date_of_purchase": "2019-01-22 20:47:00"}
{"customer_id": "C42", "basket": [{"product_id": "P24", "price": 1483}], "date_of_purchase": "2019-01-22 18:36:00"}
{"customer_id": "C65", "basket": [{"product_id": "P40", "price": 1723}, {"product_id": "P35", "price": 309}], "date_of_purchase": "2019-01-22 05:37:00"}
{"customer_id": "C71", "basket": [{"product_id": "P28", "price": 630}, {"product_id": "P30", "price": 263}], "date_of_purchase": "2019-01-22 21:09:00"}
{"customer_id": "C80", "basket": [{"product_id": "P40", "price": 820}, {"product_id": "P39", "price": 157}], "date_of_purchase": "2019-01-22 04:40:00"}
{"customer_id": "C82", "basket": [{"product_id": "P38", "price": 1565}], "date_of_purchase": "2019-01-22 14:22:00"}
{"customer_id": "C83", "basket": [{"product_id": "P55", "price": 181}, {"product_id": "P44", "price": 591}, {"product_id": "P42", "price": 574}], "date_of_purchase": "2019-01-22 23:33:00"}
{"customer_id": "C99", "basket": [{"product_id": "P02", "price": 622}, {"product_id": "P10", "price": 677}, {"product_id": "P11", "price": 17}], "date_of_purchase": "2019-01-22 18:49:00"}
{"customer_id": "C100", "basket": [{"product_id": "P05", "price": 458}, {"product_id": "P01", "price": 925}], "date_of_purchase": "2019-01-22 07:37:00"}
{"customer_id": "C112", "basket": [{"product_id": "P06", "price": 921}], "date_of_purchase": "2019-01-22 06:04:00"}
{"customer_id": "C120", "basket": [{"product_id": "P60", "price": 596}, {"product_id": "P45", "price": 1323}], "date_of_purchase": "2019-01-22 23:34:00"}
{"customer_id": "C125", "basket": [{"product_id": "P27", "price": 385}], "date_of_purchase": "2019-01-22 15:08:00"}
{"customer_id": "C134", "basket": [{"product_id": "P45", "price": 1021}], "date_of_purchase": "2019-01-22 22:27:00"}
